,Query,OriginalCategory,OriginalBrand,OriginalRank,OriginalTitle,OriginalPrice,CandidateCategory,CandidateBrand,CandidateRank,CandidateTitle,CandidatePrice
0,런닝화,스니커즈,슬레진저,2.0,"슬레진저 스킬 스타일리쉬 스니커즈 SL-252, 레드, 230",9210.0,운동화,슬레진저,137.0,"슬레진저 리코 운동화 SL-282, 레드, 230",12000.0
1,런닝화,스니커즈,슬레진저,2.0,"슬레진저 스킬 스타일리쉬 스니커즈 SL-252, 레드, 230",9210.0,운동화,슬레진저,93.0,"슬레진저 셀릭 운동화 SL-181, 블랙, 230",11480.0
2,런닝화,스니커즈,슬레진저,2.0,"슬레진저 스킬 스타일리쉬 스니커즈 SL-252, 레드, 230",9210.0,스니커즈,뉴발란스,20.0,"뉴발란스 WL520AG 스니커즈,220",49500.0
3,런닝화,스니커즈,슬레진저,2.0,"슬레진저 스킬 스타일리쉬 스니커즈 SL-252, 레드, 230",9210.0,스니커즈,뉴발란스,23.0,"뉴발란스 U520BD 스니커즈,220",49500.0
4,런닝화,스니커즈,슬레진저,2.0,"슬레진저 스킬 스타일리쉬 스니커즈 SL-252, 레드, 230",9210.0,운동화,슬레진저,42.0,"슬레진저 에어 메쉬 운동화 SL-770 레틱, 블루, 230",12900.0
5,런닝화,런닝화,아디다스,6.0,"아디다스 남녀공용 튜블라 쉐도우 런닝화 CQ0928, WHITE, 235",39260.0,런닝화,페이퍼플레인,45.0,"페이퍼플레인 남녀공용 PP1404 런닝화, 블랙, 290",34800.0
6,런닝화,런닝화,아디다스,6.0,"아디다스 남녀공용 튜블라 쉐도우 런닝화 CQ0928, WHITE, 235",39260.0,런닝화,리복,52.0,"리복 펌프 수프림 런닝화 BS9513, BLACK + WHITE, 235",57240.0
7,런닝화,런닝화,아디다스,6.0,"아디다스 남녀공용 튜블라 쉐도우 런닝화 CQ0928, WHITE, 235",39260.0,운동화,프로월드컵,125.0,"프로월드컵 메가스피드 런닝화(GR) 운동화, 그레이, 235",28360.0
8,런닝화,런닝화,아디다스,6.0,"아디다스 남녀공용 튜블라 쉐도우 런닝화 CQ0928, WHITE, 235",39260.0,런닝화,프로월드컵,119.0,"프로월드컵 여성용 헤나 런닝화, 그레이, 245",39900.0
9,런닝화,런닝화,아디다스,6.0,"아디다스 남녀공용 튜블라 쉐도우 런닝화 CQ0928, WHITE, 235",39260.0,런닝화,프로월드컵,159.0,"프로월드컵 엑셀 런닝화 운동화, 블랙, 250",52420.0
10,런닝화,스니커즈,SNRD,1.0,"SNRD 스니커즈 런닝화 SN192, 블랙, 225",15630.0,스니커즈,뉴발란스,217.0,"뉴발란스 MRL247BR 스니커즈, 블랙, 220",42500.0
11,런닝화,스니커즈,SNRD,1.0,"SNRD 스니커즈 런닝화 SN192, 블랙, 225",15630.0,스니커즈,뉴발란스,20.0,"뉴발란스 WL520AG 스니커즈,220",49500.0
12,런닝화,스니커즈,SNRD,1.0,"SNRD 스니커즈 런닝화 SN192, 블랙, 225",15630.0,스니커즈,뉴발란스,23.0,"뉴발란스 U520BD 스니커즈,220",49500.0
13,런닝화,스니커즈,SNRD,1.0,"SNRD 스니커즈 런닝화 SN192, 블랙, 225",15630.0,스니커즈,갓슈,88.0,"갓슈 퍼더 커플 스니커즈 런닝화 K-8000, 네이비, 225",38680.0
14,런닝화,스니커즈,SNRD,1.0,"SNRD 스니커즈 런닝화 SN192, 블랙, 225",15630.0,런닝화,페이퍼플레인,45.0,"페이퍼플레인 남녀공용 PP1404 런닝화, 블랙, 290",34800.0
15,런닝화,런닝화,슈퍼카미트,6.0,"슈퍼카미트 남녀공용 SHOEKING 에어 조킹화 런닝화 운동화 37, 퍼플, 230",9900.0,런닝화,페이퍼플레인,45.0,"페이퍼플레인 남녀공용 PP1404 런닝화, 블랙, 290",34800.0
16,런닝화,런닝화,슈퍼카미트,6.0,"슈퍼카미트 남녀공용 SHOEKING 에어 조킹화 런닝화 운동화 37, 퍼플, 230",9900.0,런닝화,프로월드컵,159.0,"프로월드컵 엑셀 런닝화 운동화, 블랙, 250",52420.0
17,런닝화,런닝화,슈퍼카미트,6.0,"슈퍼카미트 남녀공용 SHOEKING 에어 조킹화 런닝화 운동화 37, 퍼플, 230",9900.0,런닝화,휠라,22.0,"휠라 보비어소러스 99 런닝화 FS1HTA3052X, WGY, 230",62100.0
18,런닝화,런닝화,슈퍼카미트,6.0,"슈퍼카미트 남녀공용 SHOEKING 에어 조킹화 런닝화 운동화 37, 퍼플, 230",9900.0,런닝화,휠라,17.0,"휠라 보비어소러스 99 런닝화 FS1HTA3051X, WNR, 230",62100.0
19,런닝화,런닝화,슈퍼카미트,6.0,"슈퍼카미트 남녀공용 SHOEKING 에어 조킹화 런닝화 운동화 37, 퍼플, 230",9900.0,런닝화,리복,150.0,"리복 펌프 이자르 런닝화 BS5931, BLACK, 230",67900.0
20,운동복,요가복,비타니,5.0,"비타니 여성용 요가 트레이닝복 상하의 세트, L, 핑크",17900.0,레깅스,쉬비치,71.0,"쉬비치 여성용 스킨핏 워터레깅스, S, FREE",9900.0
21,운동복,요가복,비타니,5.0,"비타니 여성용 요가 트레이닝복 상하의 세트, L, 핑크",17900.0,상하의 세트,이코디,9.0,"이코디 여성용 패션 피트니스 곡선스위트 상하의 세트, XXL, 블랙",30900.0
22,운동복,요가복,비타니,5.0,"비타니 여성용 요가 트레이닝복 상하의 세트, L, 핑크",17900.0,상하의 세트,이코디,75.0,"이코디 여성용 패션 피트니스 스위트 운동복 상하의 세트, S, 오렌지",30900.0
23,운동복,요가복,비타니,5.0,"비타니 여성용 요가 트레이닝복 상하의 세트, L, 핑크",17900.0,레깅스,더시럽,345.0,"더시럽 여성용 애링 반바지레깅스, S, 블랙",29700.0
24,운동복,요가복,비타니,5.0,"비타니 여성용 요가 트레이닝복 상하의 세트, L, 핑크",17900.0,요가복,DM,53.0,"DM 여성용 알럽핏 스웬트 요가 바지, XL, 연그린",18300.0
25,운동복,요가복,스피카,1.0,"스피카 여성용 요가복 상하의 세트 SPA507503, 85(M), 블랙, 블랙",19520.0,상하의 세트,이코디,9.0,"이코디 여성용 패션 피트니스 곡선스위트 상하의 세트, XXL, 블랙",30900.0
26,운동복,요가복,스피카,1.0,"스피카 여성용 요가복 상하의 세트 SPA507503, 85(M), 블랙, 블랙",19520.0,레깅스,더시럽,345.0,"더시럽 여성용 애링 반바지레깅스, S, 블랙",29700.0
27,운동복,요가복,스피카,1.0,"스피카 여성용 요가복 상하의 세트 SPA507503, 85(M), 블랙, 블랙",19520.0,레깅스,쉬비치,78.0,"쉬비치 여성용 하이파이브 고리 워터레깅스, S, 블랙",9900.0
28,운동복,요가복,스피카,1.0,"스피카 여성용 요가복 상하의 세트 SPA507503, 85(M), 블랙, 블랙",19520.0,요가복,제일기획,34.0,"제일기획 여성용 요가복세트 SPA501506, 차콜, 블랙, 90(L)",20500.0
29,운동복,요가복,스피카,1.0,"스피카 여성용 요가복 상하의 세트 SPA507503, 85(M), 블랙, 블랙",19520.0,요가복,비타니,5.0,"비타니 여성용 요가 트레이닝복 상하의 세트, L, 핑크",17900.0
30,운동복,상하의 세트,이코디,9.0,"이코디 여성용 패션 피트니스 곡선스위트 상하의 세트, XXL, 블랙",30900.0,상하의 세트,이코디,75.0,"이코디 여성용 패션 피트니스 스위트 운동복 상하의 세트, S, 오렌지",30900.0
31,운동복,상하의 세트,이코디,9.0,"이코디 여성용 패션 피트니스 곡선스위트 상하의 세트, XXL, 블랙",30900.0,요가복,이코디,46.0,"이코디 여성용 긴팔 스위트 컬러 요가복 상하의 세트, XXL, 오렌지",29800.0
32,운동복,상하의 세트,이코디,9.0,"이코디 여성용 패션 피트니스 곡선스위트 상하의 세트, XXL, 블랙",30900.0,요가복,비타니,5.0,"비타니 여성용 요가 트레이닝복 상하의 세트, L, 핑크",17900.0
33,운동복,상하의 세트,이코디,9.0,"이코디 여성용 패션 피트니스 곡선스위트 상하의 세트, XXL, 블랙",30900.0,레깅스,더시럽,345.0,"더시럽 여성용 애링 반바지레깅스, S, 블랙",29700.0
34,운동복,상하의 세트,이코디,9.0,"이코디 여성용 패션 피트니스 곡선스위트 상하의 세트, XXL, 블랙",30900.0,요가복,스피카,1.0,"스피카 여성용 요가복 상하의 세트 SPA507503, 85(M), 블랙, 블랙",19520.0
35,운동복,레깅스,아르메데스,5.0,"아르메데스 여성용 기능성 아이스 레깅스 SLE 300, M, 블랙",4900.0,레깅스,더시럽,345.0,"더시럽 여성용 애링 반바지레깅스, S, 블랙",29700.0
36,운동복,레깅스,아르메데스,5.0,"아르메데스 여성용 기능성 아이스 레깅스 SLE 300, M, 블랙",4900.0,레깅스,쉬비치,78.0,"쉬비치 여성용 하이파이브 고리 워터레깅스, S, 블랙",9900.0
37,운동복,레깅스,아르메데스,5.0,"아르메데스 여성용 기능성 아이스 레깅스 SLE 300, M, 블랙",4900.0,레깅스,쉬비치,71.0,"쉬비치 여성용 스킨핏 워터레깅스, S, FREE",9900.0
38,운동복,레깅스,아르메데스,5.0,"아르메데스 여성용 기능성 아이스 레깅스 SLE 300, M, 블랙",4900.0,레깅스,뒤란,26.0,"뒤란 여성용 운동복 베키 요가레깅스 DFW4016, S, 블랙",25200.0
39,운동복,레깅스,아르메데스,5.0,"아르메데스 여성용 기능성 아이스 레깅스 SLE 300, M, 블랙",4900.0,레깅스,댕댕이주식회사,163.0,"댕댕이주식회사 여성용 요가의류 컨퍼터블 하의 레깅스 SW2631, L/XL, 블랙",16000.0
40,압타밀,분유,압타밀,1.0,"압타밀 프로누트라 플러스 분유 1단계, 800g",27900.0,분유,압타밀,5.0,"압타밀 프로누트라 플러스 분유 1단계, 800g, 3개",83700.0
41,압타밀,분유,압타밀,1.0,"압타밀 프로누트라 플러스 분유 1단계, 800g",27900.0,분유,압타밀,2.0,"압타밀 프로누트라 플러스 분유 2단계, 800g",27900.0
42,압타밀,분유,압타밀,1.0,"압타밀 프로누트라 플러스 분유 1단계, 800g",27900.0,분유,압타밀,9.0,"압타밀 프로누트라 분유 3단계, 800g",27900.0
43,압타밀,분유,압타밀,1.0,"압타밀 프로누트라 플러스 분유 1단계, 800g",27900.0,분유,압타밀,11.0,"압타밀 프로누트라 플러스 분유 2단계, 800g, 3개",83700.0
44,압타밀,분유,압타밀,1.0,"압타밀 프로누트라 플러스 분유 1단계, 800g",27900.0,분유,압타밀,28.0,"압타밀 프로누트라 분유 3단계, 800g, 3개",83700.0
45,압타밀,분유,압타밀,2.0,"압타밀 프로누트라 플러스 분유 2단계, 800g",27900.0,분유,압타밀,11.0,"압타밀 프로누트라 플러스 분유 2단계, 800g, 3개",83700.0
46,압타밀,분유,압타밀,2.0,"압타밀 프로누트라 플러스 분유 2단계, 800g",27900.0,분유,압타밀,1.0,"압타밀 프로누트라 플러스 분유 1단계, 800g",27900.0
47,압타밀,분유,압타밀,2.0,"압타밀 프로누트라 플러스 분유 2단계, 800g",27900.0,분유,압타밀,9.0,"압타밀 프로누트라 분유 3단계, 800g",27900.0
48,압타밀,분유,압타밀,2.0,"압타밀 프로누트라 플러스 분유 2단계, 800g",27900.0,분유,압타밀,5.0,"압타밀 프로누트라 플러스 분유 1단계, 800g, 3개",83700.0
49,압타밀,분유,압타밀,2.0,"압타밀 프로누트라 플러스 분유 2단계, 800g",27900.0,분유,압타밀,28.0,"압타밀 프로누트라 분유 3단계, 800g, 3개",83700.0
50,압타밀,분유,압타밀,5.0,"압타밀 프로누트라 플러스 분유 1단계, 800g, 3개",83700.0,분유,압타밀,1.0,"압타밀 프로누트라 플러스 분유 1단계, 800g",27900.0
51,압타밀,분유,압타밀,5.0,"압타밀 프로누트라 플러스 분유 1단계, 800g, 3개",83700.0,분유,압타밀,11.0,"압타밀 프로누트라 플러스 분유 2단계, 800g, 3개",83700.0
52,압타밀,분유,압타밀,5.0,"압타밀 프로누트라 플러스 분유 1단계, 800g, 3개",83700.0,분유,압타밀,2.0,"압타밀 프로누트라 플러스 분유 2단계, 800g",27900.0
53,압타밀,분유,압타밀,5.0,"압타밀 프로누트라 플러스 분유 1단계, 800g, 3개",83700.0,분유,압타밀,28.0,"압타밀 프로누트라 분유 3단계, 800g, 3개",83700.0
54,압타밀,분유,압타밀,5.0,"압타밀 프로누트라 플러스 분유 1단계, 800g, 3개",83700.0,분유,압타밀,9.0,"압타밀 프로누트라 분유 3단계, 800g",27900.0
55,압타밀,분유,압타밀,9.0,"압타밀 프로누트라 분유 3단계, 800g",27900.0,분유,압타밀,28.0,"압타밀 프로누트라 분유 3단계, 800g, 3개",83700.0
56,압타밀,분유,압타밀,9.0,"압타밀 프로누트라 분유 3단계, 800g",27900.0,분유,압타밀,2.0,"압타밀 프로누트라 플러스 분유 2단계, 800g",27900.0
57,압타밀,분유,압타밀,9.0,"압타밀 프로누트라 분유 3단계, 800g",27900.0,분유,압타밀,1.0,"압타밀 프로누트라 플러스 분유 1단계, 800g",27900.0
58,압타밀,분유,압타밀,9.0,"압타밀 프로누트라 분유 3단계, 800g",27900.0,분유,압타밀,11.0,"압타밀 프로누트라 플러스 분유 2단계, 800g, 3개",83700.0
59,압타밀,분유,압타밀,9.0,"압타밀 프로누트라 분유 3단계, 800g",27900.0,분유,압타밀,5.0,"압타밀 프로누트라 플러스 분유 1단계, 800g, 3개",83700.0
60,트레비,탄산수,트레비,6.0,"트레비 자몽, 500ml, 20개",13900.0,탄산수,트레비,6.0,"트레비 플레인 페트, 500ml, 20개",14030.0
61,트레비,탄산수,트레비,6.0,"트레비 자몽, 500ml, 20개",13900.0,탄산수,트레비,3.0,"트레비 탄산수 레몬맛, 500ml, 20개",14030.0
62,트레비,탄산수,트레비,6.0,"트레비 자몽, 500ml, 20개",13900.0,탄산수,트레비,3.0,"트레비 라임 탄산음료, 500ml, 20개",14200.0
63,트레비,탄산수,트레비,6.0,"트레비 자몽, 500ml, 20개",13900.0,탄산수,트레비,9.0,"트레비 탄산 워터, 500ml, 20개입",14810.0
64,트레비,탄산수,트레비,6.0,"트레비 자몽, 500ml, 20개",13900.0,탄산수,트레비,4.0,"트레비 레몬 탄산음료, 400ml, 20개",13690.0
65,트레비,탄산수,트레비,2.0,"트레비 자몽 탄산음료, 300ml, 20개입",8800.0,탄산수,트레비,6.0,"트레비 자몽, 500ml, 20개",13900.0
66,트레비,탄산수,트레비,2.0,"트레비 자몽 탄산음료, 300ml, 20개입",8800.0,탄산수,트레비,3.0,"트레비 라임 음료, 400ml, 20개입",13210.0
67,트레비,탄산수,트레비,2.0,"트레비 자몽 탄산음료, 300ml, 20개입",8800.0,탄산수,트레비,3.0,"트레비 라임 탄산음료, 500ml, 20개",14200.0
68,트레비,탄산수,트레비,2.0,"트레비 자몽 탄산음료, 300ml, 20개입",8800.0,탄산수,트레비,4.0,"트레비 레몬 탄산음료, 400ml, 20개",13690.0
69,트레비,탄산수,트레비,2.0,"트레비 자몽 탄산음료, 300ml, 20개입",8800.0,탄산수,트레비,9.0,"트레비 탄산 워터, 500ml, 20개입",14810.0
70,트레비,탄산수,트레비,6.0,"트레비 플레인 페트, 500ml, 20개",14030.0,탄산수,트레비,6.0,"트레비 자몽, 500ml, 20개",13900.0
71,트레비,탄산수,트레비,6.0,"트레비 플레인 페트, 500ml, 20개",14030.0,탄산수,트레비,3.0,"트레비 라임 탄산음료, 500ml, 20개",14200.0
72,트레비,탄산수,트레비,6.0,"트레비 플레인 페트, 500ml, 20개",14030.0,탄산수,트레비,3.0,"트레비 탄산수 레몬맛, 500ml, 20개",14030.0
73,트레비,탄산수,트레비,6.0,"트레비 플레인 페트, 500ml, 20개",14030.0,탄산수,트레비,4.0,"트레비 레몬 탄산음료, 400ml, 20개",13690.0
74,트레비,탄산수,트레비,6.0,"트레비 플레인 페트, 500ml, 20개",14030.0,탄산수,트레비,9.0,"트레비 탄산 워터, 500ml, 20개입",14810.0
75,트레비,탄산수,트레비,3.0,"트레비 탄산수 레몬맛, 500ml, 20개",14030.0,탄산수,트레비,6.0,"트레비 자몽, 500ml, 20개",13900.0
76,트레비,탄산수,트레비,3.0,"트레비 탄산수 레몬맛, 500ml, 20개",14030.0,탄산수,트레비,6.0,"트레비 플레인 페트, 500ml, 20개",14030.0
77,트레비,탄산수,트레비,3.0,"트레비 탄산수 레몬맛, 500ml, 20개",14030.0,탄산수,트레비,3.0,"트레비 라임 탄산음료, 500ml, 20개",14200.0
78,트레비,탄산수,트레비,3.0,"트레비 탄산수 레몬맛, 500ml, 20개",14030.0,탄산수,트레비,9.0,"트레비 탄산 워터, 500ml, 20개입",14810.0
79,트레비,탄산수,트레비,3.0,"트레비 탄산수 레몬맛, 500ml, 20개",14030.0,탄산수,트레비,4.0,"트레비 레몬 탄산음료, 400ml, 20개",13690.0
80,트레비,탄산수,트레비,3.0,"트레비 라임 음료, 400ml, 20개입",13210.0,탄산수,트레비,10.0,"트레비 라임, 280ml, 16개",21800.0
81,트레비,탄산수,트레비,3.0,"트레비 라임 음료, 400ml, 20개입",13210.0,탄산수,트레비,4.0,"트레비 레몬 탄산음료, 400ml, 20개",13690.0
82,트레비,탄산수,트레비,3.0,"트레비 라임 음료, 400ml, 20개입",13210.0,탄산수,트레비,3.0,"트레비 라임 탄산음료, 500ml, 20개",14200.0
83,트레비,탄산수,트레비,3.0,"트레비 라임 음료, 400ml, 20개입",13210.0,탄산수,트레비,9.0,"트레비 탄산 워터, 500ml, 20개입",14810.0
84,트레비,탄산수,트레비,3.0,"트레비 라임 음료, 400ml, 20개입",13210.0,탄산수,트레비,2.0,"트레비 자몽 탄산음료, 300ml, 20개입",8800.0
85,트레비,탄산수,트레비,4.0,"트레비 레몬 탄산음료, 400ml, 20개",13690.0,탄산수,트레비,3.0,"트레비 라임 탄산음료, 500ml, 20개",14200.0
86,트레비,탄산수,트레비,4.0,"트레비 레몬 탄산음료, 400ml, 20개",13690.0,탄산수,트레비,6.0,"트레비 자몽, 500ml, 20개",13900.0
87,트레비,탄산수,트레비,4.0,"트레비 레몬 탄산음료, 400ml, 20개",13690.0,탄산수,롯데칠성,18.0,롯데칠성 트레비 탄산음료 레몬 280ml 16개,21800.0
88,트레비,탄산수,트레비,4.0,"트레비 레몬 탄산음료, 400ml, 20개",13690.0,탄산수,트레비,3.0,"트레비 라임 음료, 400ml, 20개입",13210.0
89,트레비,탄산수,트레비,4.0,"트레비 레몬 탄산음료, 400ml, 20개",13690.0,탄산수,트레비,6.0,"트레비 플레인 페트, 500ml, 20개",14030.0
90,트레비,탄산수,트레비,9.0,"트레비 탄산 워터, 500ml, 20개입",14810.0,탄산수,트레비,6.0,"트레비 자몽, 500ml, 20개",13900.0
91,트레비,탄산수,트레비,9.0,"트레비 탄산 워터, 500ml, 20개입",14810.0,탄산수,트레비,6.0,"트레비 플레인 페트, 500ml, 20개",14030.0
92,트레비,탄산수,트레비,9.0,"트레비 탄산 워터, 500ml, 20개입",14810.0,탄산수,트레비,3.0,"트레비 라임 음료, 400ml, 20개입",13210.0
93,트레비,탄산수,트레비,9.0,"트레비 탄산 워터, 500ml, 20개입",14810.0,탄산수,트레비,3.0,"트레비 탄산수 레몬맛, 500ml, 20개",14030.0
94,트레비,탄산수,트레비,9.0,"트레비 탄산 워터, 500ml, 20개입",14810.0,탄산수,트레비,3.0,"트레비 라임 탄산음료, 500ml, 20개",14200.0
95,트레비,탄산수,트레비,10.0,"트레비 라임, 280ml, 16개",21800.0,탄산수,롯데칠성,18.0,롯데칠성 트레비 탄산음료 레몬 280ml 16개,21800.0
96,트레비,탄산수,트레비,10.0,"트레비 라임, 280ml, 16개",21800.0,탄산수,트레비,3.0,"트레비 라임 음료, 400ml, 20개입",13210.0
97,트레비,탄산수,트레비,10.0,"트레비 라임, 280ml, 16개",21800.0,탄산수,트레비,3.0,"트레비 라임 탄산음료, 500ml, 20개",14200.0
98,트레비,탄산수,트레비,10.0,"트레비 라임, 280ml, 16개",21800.0,탄산수,트레비,6.0,"트레비 자몽, 500ml, 20개",13900.0
99,트레비,탄산수,트레비,10.0,"트레비 라임, 280ml, 16개",21800.0,탄산수,트레비,9.0,"트레비 탄산 워터, 500ml, 20개입",14810.0
100,트레비,탄산수,트레비,3.0,"트레비 라임 탄산음료, 500ml, 20개",14200.0,탄산수,트레비,6.0,"트레비 자몽, 500ml, 20개",13900.0
101,트레비,탄산수,트레비,3.0,"트레비 라임 탄산음료, 500ml, 20개",14200.0,탄산수,트레비,4.0,"트레비 레몬 탄산음료, 400ml, 20개",13690.0
102,트레비,탄산수,트레비,3.0,"트레비 라임 탄산음료, 500ml, 20개",14200.0,탄산수,트레비,6.0,"트레비 플레인 페트, 500ml, 20개",14030.0
103,트레비,탄산수,트레비,3.0,"트레비 라임 탄산음료, 500ml, 20개",14200.0,탄산수,트레비,3.0,"트레비 탄산수 레몬맛, 500ml, 20개",14030.0
104,트레비,탄산수,트레비,3.0,"트레비 라임 탄산음료, 500ml, 20개",14200.0,탄산수,트레비,10.0,"트레비 라임, 280ml, 16개",21800.0
105,분유,분유,앱솔루트,9.0,"앱솔루트 프리미엄 명작 분유 1단계, 800g",20700.0,분유,앱솔루트,8.0,"앱솔루트 프리미엄 명작 분유 1단계, 800g, 3개",62100.0
106,분유,분유,앱솔루트,9.0,"앱솔루트 프리미엄 명작 분유 1단계, 800g",20700.0,분유,앱솔루트,14.0,"앱솔루트 프리미엄 명작 분유 1단계, 800g, 6개",124200.0
107,분유,분유,앱솔루트,9.0,"앱솔루트 프리미엄 명작 분유 1단계, 800g",20700.0,분유,앱솔루트,16.0,"앱솔루트 프리미엄 명작 분유  2단계, 800g",21800.0
108,분유,분유,앱솔루트,9.0,"앱솔루트 프리미엄 명작 분유 1단계, 800g",20700.0,분유,앱솔루트,10.0,"앱솔루트 프리미엄 명작 분유 2단계, 800g, 3개",62100.0
109,분유,분유,앱솔루트,9.0,"앱솔루트 프리미엄 명작 분유 1단계, 800g",20700.0,분유,앱솔루트,3.0,"앱솔루트 엄마가 만든 프리미엄 명작 분유 4단계, 800g",16900.0
110,분유,분유,앱솔루트,10.0,"앱솔루트 자연의 선물 유기농 궁 분유 1단계, 800g",29000.0,분유,앱솔루트,11.0,"앱솔루트 자연의 선물 유기농 궁 분유 1단계, 800g, 3개",87000.0
111,분유,분유,앱솔루트,10.0,"앱솔루트 자연의 선물 유기농 궁 분유 1단계, 800g",29000.0,분유,앱솔루트,40.0,"앱솔루트 유기농 궁 분유 4단계, 800g",28000.0
112,분유,분유,앱솔루트,10.0,"앱솔루트 자연의 선물 유기농 궁 분유 1단계, 800g",29000.0,분유,앱솔루트,9.0,"앱솔루트 프리미엄 명작 분유 1단계, 800g",20700.0
113,분유,분유,앱솔루트,10.0,"앱솔루트 자연의 선물 유기농 궁 분유 1단계, 800g",29000.0,분유,아이엠마더,22.0,"아이엠마더 분유 1단계, 800g",28900.0
114,분유,분유,앱솔루트,10.0,"앱솔루트 자연의 선물 유기농 궁 분유 1단계, 800g",29000.0,분유,노발락,31.0,"노발락 분유 1단계, 800g",27550.0
115,분유,분유,앱솔루트,10.0,"앱솔루트 프리미엄 명작 분유 2단계, 800g, 3개",62100.0,분유,앱솔루트,16.0,"앱솔루트 프리미엄 명작 분유  2단계, 800g",21800.0
116,분유,분유,앱솔루트,10.0,"앱솔루트 프리미엄 명작 분유 2단계, 800g, 3개",62100.0,분유,앱솔루트,8.0,"앱솔루트 프리미엄 명작 분유 1단계, 800g, 3개",62100.0
117,분유,분유,앱솔루트,10.0,"앱솔루트 프리미엄 명작 분유 2단계, 800g, 3개",62100.0,분유,앱솔루트,9.0,"앱솔루트 프리미엄 명작 분유 1단계, 800g",20700.0
118,분유,분유,앱솔루트,10.0,"앱솔루트 프리미엄 명작 분유 2단계, 800g, 3개",62100.0,분유,앱솔루트,7.0,"앱솔루트 엄마가 만든 프리미엄 명작 분유 4단계, 800g, 3개",50700.0
119,분유,분유,앱솔루트,10.0,"앱솔루트 프리미엄 명작 분유 2단계, 800g, 3개",62100.0,분유,앱솔루트,14.0,"앱솔루트 프리미엄 명작 분유 1단계, 800g, 6개",124200.0
120,분유,분유,앱솔루트,3.0,"앱솔루트 엄마가 만든 프리미엄 명작 분유 4단계, 800g",16900.0,분유,앱솔루트,7.0,"앱솔루트 엄마가 만든 프리미엄 명작 분유 4단계, 800g, 3개",50700.0
121,분유,분유,앱솔루트,3.0,"앱솔루트 엄마가 만든 프리미엄 명작 분유 4단계, 800g",16900.0,분유,앱솔루트,6.0,"앱솔루트 엄마가 만든 프리미엄 명작 분유 3단계, 800g",16900.0
122,분유,분유,앱솔루트,3.0,"앱솔루트 엄마가 만든 프리미엄 명작 분유 4단계, 800g",16900.0,분유,앱솔루트,18.0,"앱솔루트 엄마가 만든 프리미엄 명작 분유 3단계, 800g, 6개",101400.0
123,분유,분유,앱솔루트,3.0,"앱솔루트 엄마가 만든 프리미엄 명작 분유 4단계, 800g",16900.0,분유,앱솔루트,2.0,"앱솔루트 엄마가 만든 프리미엄 명작 분유 3단계, 800g, 3개",50700.0
124,분유,분유,앱솔루트,3.0,"앱솔루트 엄마가 만든 프리미엄 명작 분유 4단계, 800g",16900.0,분유,앱솔루트,9.0,"앱솔루트 프리미엄 명작 분유 1단계, 800g",20700.0
125,분유,분유,앱솔루트,9.0,"앱솔루트 시작부터 바르게 본 분유 3단계 750g,",11000.0,분유,앱솔루트,18.0,"앱솔루트 시작부터 바르게 본 분유 3단계 750g, 3개",31860.0
126,분유,분유,앱솔루트,9.0,"앱솔루트 시작부터 바르게 본 분유 3단계 750g,",11000.0,분유,앱솔루트,44.0,"앱솔루트 시작부터 바르게 본 분유 2단계, 750g",11000.0
127,분유,분유,앱솔루트,9.0,"앱솔루트 시작부터 바르게 본 분유 3단계 750g,",11000.0,분유,앱솔루트,12.0,"앱솔루트 시작부터 바르게 본 분유 2단계, 750g, 3개",31510.0
128,분유,분유,앱솔루트,9.0,"앱솔루트 시작부터 바르게 본 분유 3단계 750g,",11000.0,분유,앱솔루트,21.0,"앱솔루트 오리지널 본 분유 1단계, 750g, 3개",34470.0
129,분유,분유,앱솔루트,9.0,"앱솔루트 시작부터 바르게 본 분유 3단계 750g,",11000.0,분유,앱솔루트,40.0,"앱솔루트 유기농 궁 분유 4단계, 800g",28000.0
130,분유,분유,앱솔루트,8.0,"앱솔루트 프리미엄 명작 분유 1단계, 800g, 3개",62100.0,분유,앱솔루트,9.0,"앱솔루트 프리미엄 명작 분유 1단계, 800g",20700.0
131,분유,분유,앱솔루트,8.0,"앱솔루트 프리미엄 명작 분유 1단계, 800g, 3개",62100.0,분유,앱솔루트,10.0,"앱솔루트 프리미엄 명작 분유 2단계, 800g, 3개",62100.0
132,분유,분유,앱솔루트,8.0,"앱솔루트 프리미엄 명작 분유 1단계, 800g, 3개",62100.0,분유,앱솔루트,14.0,"앱솔루트 프리미엄 명작 분유 1단계, 800g, 6개",124200.0
133,분유,분유,앱솔루트,8.0,"앱솔루트 프리미엄 명작 분유 1단계, 800g, 3개",62100.0,분유,앱솔루트,16.0,"앱솔루트 프리미엄 명작 분유  2단계, 800g",21800.0
134,분유,분유,앱솔루트,8.0,"앱솔루트 프리미엄 명작 분유 1단계, 800g, 3개",62100.0,분유,앱솔루트,7.0,"앱솔루트 엄마가 만든 프리미엄 명작 분유 4단계, 800g, 3개",50700.0
135,분유,분유,앱솔루트,2.0,"앱솔루트 엄마가 만든 프리미엄 명작 분유 3단계, 800g, 3개",50700.0,분유,앱솔루트,6.0,"앱솔루트 엄마가 만든 프리미엄 명작 분유 3단계, 800g",16900.0
136,분유,분유,앱솔루트,2.0,"앱솔루트 엄마가 만든 프리미엄 명작 분유 3단계, 800g, 3개",50700.0,분유,앱솔루트,7.0,"앱솔루트 엄마가 만든 프리미엄 명작 분유 4단계, 800g, 3개",50700.0
137,분유,분유,앱솔루트,2.0,"앱솔루트 엄마가 만든 프리미엄 명작 분유 3단계, 800g, 3개",50700.0,분유,앱솔루트,18.0,"앱솔루트 엄마가 만든 프리미엄 명작 분유 3단계, 800g, 6개",101400.0
138,분유,분유,앱솔루트,2.0,"앱솔루트 엄마가 만든 프리미엄 명작 분유 3단계, 800g, 3개",50700.0,분유,앱솔루트,3.0,"앱솔루트 엄마가 만든 프리미엄 명작 분유 4단계, 800g",16900.0
139,분유,분유,앱솔루트,2.0,"앱솔루트 엄마가 만든 프리미엄 명작 분유 3단계, 800g, 3개",50700.0,분유,앱솔루트,10.0,"앱솔루트 프리미엄 명작 분유 2단계, 800g, 3개",62100.0
140,분유,분유,앱솔루트,6.0,"앱솔루트 엄마가 만든 프리미엄 명작 분유 3단계, 800g",16900.0,분유,앱솔루트,18.0,"앱솔루트 엄마가 만든 프리미엄 명작 분유 3단계, 800g, 6개",101400.0
141,분유,분유,앱솔루트,6.0,"앱솔루트 엄마가 만든 프리미엄 명작 분유 3단계, 800g",16900.0,분유,앱솔루트,2.0,"앱솔루트 엄마가 만든 프리미엄 명작 분유 3단계, 800g, 3개",50700.0
142,분유,분유,앱솔루트,6.0,"앱솔루트 엄마가 만든 프리미엄 명작 분유 3단계, 800g",16900.0,분유,앱솔루트,3.0,"앱솔루트 엄마가 만든 프리미엄 명작 분유 4단계, 800g",16900.0
143,분유,분유,앱솔루트,6.0,"앱솔루트 엄마가 만든 프리미엄 명작 분유 3단계, 800g",16900.0,분유,앱솔루트,7.0,"앱솔루트 엄마가 만든 프리미엄 명작 분유 4단계, 800g, 3개",50700.0
144,분유,분유,앱솔루트,6.0,"앱솔루트 엄마가 만든 프리미엄 명작 분유 3단계, 800g",16900.0,분유,앱솔루트,16.0,"앱솔루트 프리미엄 명작 분유  2단계, 800g",21800.0
145,분유,분유,앱솔루트,7.0,"앱솔루트 엄마가 만든 프리미엄 명작 분유 4단계, 800g, 3개",50700.0,분유,앱솔루트,3.0,"앱솔루트 엄마가 만든 프리미엄 명작 분유 4단계, 800g",16900.0
146,분유,분유,앱솔루트,7.0,"앱솔루트 엄마가 만든 프리미엄 명작 분유 4단계, 800g, 3개",50700.0,분유,앱솔루트,2.0,"앱솔루트 엄마가 만든 프리미엄 명작 분유 3단계, 800g, 3개",50700.0
147,분유,분유,앱솔루트,7.0,"앱솔루트 엄마가 만든 프리미엄 명작 분유 4단계, 800g, 3개",50700.0,분유,앱솔루트,6.0,"앱솔루트 엄마가 만든 프리미엄 명작 분유 3단계, 800g",16900.0
148,분유,분유,앱솔루트,7.0,"앱솔루트 엄마가 만든 프리미엄 명작 분유 4단계, 800g, 3개",50700.0,분유,앱솔루트,8.0,"앱솔루트 프리미엄 명작 분유 1단계, 800g, 3개",62100.0
149,분유,분유,앱솔루트,7.0,"앱솔루트 엄마가 만든 프리미엄 명작 분유 4단계, 800g, 3개",50700.0,분유,앱솔루트,10.0,"앱솔루트 프리미엄 명작 분유 2단계, 800g, 3개",62100.0
150,탄산수,탄산수,웅진,1.0,"웅진 빅토리아 플레인 탄산수, 500ml, 20개",8900.0,탄산수,웅진,17.0,"웅진 빅토리아 베리베리, 500ml, 20개",9710.0
151,탄산수,탄산수,웅진,1.0,"웅진 빅토리아 플레인 탄산수, 500ml, 20개",8900.0,탄산수,웅진,2.0,"웅진 빅토리아 탄산음료 천연레몬향, 500ml, 20개",8900.0
152,탄산수,탄산수,웅진,1.0,"웅진 빅토리아 플레인 탄산수, 500ml, 20개",8900.0,탄산수,웅진,5.0,"웅진 빅토리아 청포도 스파클링 음료, 500ml, 20개",9370.0
153,탄산수,탄산수,웅진,1.0,"웅진 빅토리아 플레인 탄산수, 500ml, 20개",8900.0,탄산수,빅토리아,10.0,"빅토리아 플레인 탄산수 캔, 350ml, 24개입",8900.0
154,탄산수,탄산수,웅진,1.0,"웅진 빅토리아 플레인 탄산수, 500ml, 20개",8900.0,탄산수,트레비,12.0,"트레비 플레인 페트, 500ml, 20개",14030.0
155,탄산수,탄산수,트레비,4.0,"트레비 자몽 탄산음료, 300ml, 20개입",8800.0,탄산수,트레비,7.0,"트레비 레몬 탄산음료, 400ml, 20개",13690.0
156,탄산수,탄산수,트레비,4.0,"트레비 자몽 탄산음료, 300ml, 20개입",8800.0,탄산수,트레비,15.0,"트레비 라임 음료, 400ml, 20개입",13210.0
157,탄산수,탄산수,트레비,4.0,"트레비 자몽 탄산음료, 300ml, 20개입",8800.0,탄산수,트레비,18.0,"트레비 탄산 워터, 500ml, 20개입",14810.0
158,탄산수,탄산수,트레비,4.0,"트레비 자몽 탄산음료, 300ml, 20개입",8800.0,탄산수,스파클,103.0,"스파클 스파클링 탄산음료, 350ml, 20개입",9890.0
159,탄산수,탄산수,트레비,4.0,"트레비 자몽 탄산음료, 300ml, 20개입",8800.0,탄산수,웅진식품,7.0,"웅진식품 빅토리아 탄산음료 자몽, 500ml, 20개",8900.0
160,탄산수,탄산수,트레비,7.0,"트레비 레몬 탄산음료, 400ml, 20개",13690.0,탄산수,초정,20.0,"초정 탄산음료(레몬) 500ml, 20개",12890.0
161,탄산수,탄산수,트레비,7.0,"트레비 레몬 탄산음료, 400ml, 20개",13690.0,탄산수,롯데칠성,113.0,롯데칠성 트레비 탄산음료 레몬 280ml 16개,21800.0
162,탄산수,탄산수,트레비,7.0,"트레비 레몬 탄산음료, 400ml, 20개",13690.0,탄산수,트레비,12.0,"트레비 플레인 페트, 500ml, 20개",14030.0
163,탄산수,탄산수,트레비,7.0,"트레비 레몬 탄산음료, 400ml, 20개",13690.0,탄산수,트레비,15.0,"트레비 라임 음료, 400ml, 20개입",13210.0
164,탄산수,탄산수,트레비,7.0,"트레비 레몬 탄산음료, 400ml, 20개",13690.0,탄산수,트레비,11.0,"트레비 탄산수 레몬맛, 500ml, 20개",14030.0
165,탄산수,탄산수,웅진식품,7.0,"웅진식품 빅토리아 탄산음료 자몽, 500ml, 20개",8900.0,탄산수,웅진식품,8.0,"웅진식품 빅토리아 복숭아향 탄산음료, 500ml, 20개입",8900.0
166,탄산수,탄산수,웅진식품,7.0,"웅진식품 빅토리아 탄산음료 자몽, 500ml, 20개",8900.0,탄산수,웅진,2.0,"웅진 빅토리아 탄산음료 천연레몬향, 500ml, 20개",8900.0
167,탄산수,탄산수,웅진식품,7.0,"웅진식품 빅토리아 탄산음료 자몽, 500ml, 20개",8900.0,탄산수,웅진,17.0,"웅진 빅토리아 베리베리, 500ml, 20개",9710.0
168,탄산수,탄산수,웅진식품,7.0,"웅진식품 빅토리아 탄산음료 자몽, 500ml, 20개",8900.0,탄산수,초정,20.0,"초정 탄산음료(레몬) 500ml, 20개",12890.0
169,탄산수,탄산수,웅진식품,7.0,"웅진식품 빅토리아 탄산음료 자몽, 500ml, 20개",8900.0,탄산수,웅진,1.0,"웅진 빅토리아 플레인 탄산수, 500ml, 20개",8900.0
170,탄산수,탄산수,빅토리아,10.0,"빅토리아 플레인 탄산수 캔, 350ml, 24개입",8900.0,탄산수,동원,20.0,"동원 디톡 플레인 탄산수, 500ml, 24개입",9140.0
171,탄산수,탄산수,빅토리아,10.0,"빅토리아 플레인 탄산수 캔, 350ml, 24개입",8900.0,탄산수,웅진,1.0,"웅진 빅토리아 플레인 탄산수, 500ml, 20개",8900.0
172,탄산수,탄산수,빅토리아,10.0,"빅토리아 플레인 탄산수 캔, 350ml, 24개입",8900.0,탄산수,초정탄산수,11.0,"초정탄산수 플레인, 1.5L, 12개",12000.0
173,탄산수,탄산수,빅토리아,10.0,"빅토리아 플레인 탄산수 캔, 350ml, 24개입",8900.0,탄산수,산타비토리아,27.0,"산타비토리아 탄산수, 1.5L, 6개입",9000.0
174,탄산수,탄산수,빅토리아,10.0,"빅토리아 플레인 탄산수 캔, 350ml, 24개입",8900.0,탄산수,도비아,107.0,"도비아 탄산수 330ml, 4개",6010.0
175,탄산수,탄산수,웅진,5.0,"웅진 빅토리아 청포도 스파클링 음료, 500ml, 20개",9370.0,탄산수,웅진,17.0,"웅진 빅토리아 베리베리, 500ml, 20개",9710.0
176,탄산수,탄산수,웅진,5.0,"웅진 빅토리아 청포도 스파클링 음료, 500ml, 20개",9370.0,탄산수,웅진,2.0,"웅진 빅토리아 탄산음료 천연레몬향, 500ml, 20개",8900.0
177,탄산수,탄산수,웅진,5.0,"웅진 빅토리아 청포도 스파클링 음료, 500ml, 20개",9370.0,탄산수,웅진,1.0,"웅진 빅토리아 플레인 탄산수, 500ml, 20개",8900.0
178,탄산수,탄산수,웅진,5.0,"웅진 빅토리아 청포도 스파클링 음료, 500ml, 20개",9370.0,탄산수,웅진식품,7.0,"웅진식품 빅토리아 탄산음료 자몽, 500ml, 20개",8900.0
179,탄산수,탄산수,웅진,5.0,"웅진 빅토리아 청포도 스파클링 음료, 500ml, 20개",9370.0,탄산수,트레비,12.0,"트레비 플레인 페트, 500ml, 20개",14030.0
180,탄산수,탄산수,웅진,2.0,"웅진 빅토리아 탄산음료 천연레몬향, 500ml, 20개",8900.0,탄산수,웅진,17.0,"웅진 빅토리아 베리베리, 500ml, 20개",9710.0
181,탄산수,탄산수,웅진,2.0,"웅진 빅토리아 탄산음료 천연레몬향, 500ml, 20개",8900.0,탄산수,웅진,1.0,"웅진 빅토리아 플레인 탄산수, 500ml, 20개",8900.0
182,탄산수,탄산수,웅진,2.0,"웅진 빅토리아 탄산음료 천연레몬향, 500ml, 20개",8900.0,탄산수,웅진식품,7.0,"웅진식품 빅토리아 탄산음료 자몽, 500ml, 20개",8900.0
183,탄산수,탄산수,웅진,2.0,"웅진 빅토리아 탄산음료 천연레몬향, 500ml, 20개",8900.0,탄산수,웅진,5.0,"웅진 빅토리아 청포도 스파클링 음료, 500ml, 20개",9370.0
184,탄산수,탄산수,웅진,2.0,"웅진 빅토리아 탄산음료 천연레몬향, 500ml, 20개",8900.0,탄산수,초정,20.0,"초정 탄산음료(레몬) 500ml, 20개",12890.0
185,탄산수,탄산수,웅진식품,8.0,"웅진식품 빅토리아 복숭아향 탄산음료, 500ml, 20개입",8900.0,탄산수,웅진식품,7.0,"웅진식품 빅토리아 탄산음료 자몽, 500ml, 20개",8900.0
186,탄산수,탄산수,웅진식품,8.0,"웅진식품 빅토리아 복숭아향 탄산음료, 500ml, 20개입",8900.0,탄산수,초정탄산수,18.0,"초정탄산수 라임 500ml, 20개입",13900.0
187,탄산수,탄산수,웅진식품,8.0,"웅진식품 빅토리아 복숭아향 탄산음료, 500ml, 20개입",8900.0,탄산수,웅진,2.0,"웅진 빅토리아 탄산음료 천연레몬향, 500ml, 20개",8900.0
188,탄산수,탄산수,웅진식품,8.0,"웅진식품 빅토리아 복숭아향 탄산음료, 500ml, 20개입",8900.0,탄산수,웅진,17.0,"웅진 빅토리아 베리베리, 500ml, 20개",9710.0
189,탄산수,탄산수,웅진식품,8.0,"웅진식품 빅토리아 복숭아향 탄산음료, 500ml, 20개입",8900.0,탄산수,트레비,4.0,"트레비 자몽 탄산음료, 300ml, 20개입",8800.0
190,생수,생수,동원샘물,3.0,"동원샘물 미네마인, 2L, 12개",6990.0,생수,동원샘물,12.0,"동원샘물 미네마인, 500ml, 40개",9390.0
191,생수,생수,동원샘물,3.0,"동원샘물 미네마인, 2L, 12개",6990.0,생수,농심,3.0,"농심 백산수, 2L, 12개",9360.0
192,생수,생수,동원샘물,3.0,"동원샘물 미네마인, 2L, 12개",6990.0,생수,몽베스트,18.0,"몽베스트 생수, 2L, 12개입",9900.0
193,생수,생수,동원샘물,3.0,"동원샘물 미네마인, 2L, 12개",6990.0,생수,천년동안,38.0,"천년동안 베이비워터 1.2L, 9개입",13290.0
194,생수,생수,동원샘물,3.0,"동원샘물 미네마인, 2L, 12개",6990.0,생수,에비앙,78.0,"에비앙 생수, 1L, 12개",19570.0
195,생수,생수,농심,3.0,"농심 백산수, 2L, 12개",9360.0,생수,동원샘물,3.0,"동원샘물 미네마인, 2L, 12개",6990.0
196,생수,생수,농심,3.0,"농심 백산수, 2L, 12개",9360.0,생수,몽베스트,18.0,"몽베스트 생수, 2L, 12개입",9900.0
197,생수,생수,농심,3.0,"농심 백산수, 2L, 12개",9360.0,생수,천년동안,38.0,"천년동안 베이비워터 1.2L, 9개입",13290.0
198,생수,생수,농심,3.0,"농심 백산수, 2L, 12개",9360.0,생수,에비앙,78.0,"에비앙 생수, 1L, 12개",19570.0
199,생수,생수,농심,3.0,"농심 백산수, 2L, 12개",9360.0,탄산수,초정탄산수,33.0,"초정탄산수 플레인, 1.5L, 12개",12000.0
200,생수,생수,몽베스트,4.0,"몽베스트 생수, 330ml, 20개입",5920.0,생수,몽베스트,16.0,"몽베스트 생수, 500ml, 40개",11220.0
201,생수,생수,몽베스트,4.0,"몽베스트 생수, 330ml, 20개입",5920.0,생수,몽베스트,18.0,"몽베스트 생수, 2L, 12개입",9900.0
202,생수,생수,몽베스트,4.0,"몽베스트 생수, 330ml, 20개입",5920.0,생수,에비앙,84.0,"에비앙 생수, 330ml, 24개",16470.0
203,생수,생수,몽베스트,4.0,"몽베스트 생수, 330ml, 20개입",5920.0,생수,에비앙,53.0,"에비앙 생수, 500ml, 24개",18550.0
204,생수,생수,몽베스트,4.0,"몽베스트 생수, 330ml, 20개입",5920.0,생수,에비앙,78.0,"에비앙 생수, 1L, 12개",19570.0
205,군기저귀,기저귀,군,1.0,"군 오리지널 테이프 밴드형 기저귀 남여공용 S (4-8kg), 252매입",40860.0,기저귀,군,3.0,"군 오리지널 테이프 밴드형 기저귀 남여공용 대형 L(9~14kg), 162매입",40880.0
206,군기저귀,기저귀,군,1.0,"군 오리지널 테이프 밴드형 기저귀 남여공용 S (4-8kg), 252매입",40860.0,기저귀,군,8.0,"군 2018년 오리지널 테이프 밴드형 기저귀 남여공용 신생아용(~5kg), 270매입",41150.0
207,군기저귀,기저귀,군,1.0,"군 오리지널 테이프 밴드형 기저귀 남여공용 S (4-8kg), 252매입",40860.0,기저귀,군,11.0,"군 오리지널 팬티형 기저귀 남여공용 M(7~12kg), 174매",40600.0
208,군기저귀,기저귀,군,1.0,"군 오리지널 테이프 밴드형 기저귀 남여공용 S (4-8kg), 252매입",40860.0,기저귀,군,15.0,"군 슬림앤드라이 밴드형 기저귀 남녀공용 S (4~8kg), 176매",31190.0
209,군기저귀,기저귀,군,1.0,"군 오리지널 테이프 밴드형 기저귀 남여공용 S (4-8kg), 252매입",40860.0,기저귀,군,28.0,"군 슬림앤드라이 밴드형 기저귀 남녀공용 S (4~8kg), 132매",27900.0
210,군기저귀,기저귀,군,5.0,"군 2018년 오리지널 테이프 기저귀 남여공용 특대형 XL(12~20kg), 126매",40900.0,기저귀,군,4.0,"군 오리지널 팬티형 기저귀 여아용 특대형 XL (12~20kg), 114매",41490.0
211,군기저귀,기저귀,군,5.0,"군 2018년 오리지널 테이프 기저귀 남여공용 특대형 XL(12~20kg), 126매",40900.0,기저귀,군,4.0,"군 오리지널 팬티형 일회용 기저귀 남아용 XL 12~20kg, 114매",41900.0
212,군기저귀,기저귀,군,5.0,"군 2018년 오리지널 테이프 기저귀 남여공용 특대형 XL(12~20kg), 126매",40900.0,기저귀,군,8.0,"군 2018년 오리지널 테이프 밴드형 기저귀 남여공용 신생아용(~5kg), 270매입",41150.0
213,군기저귀,기저귀,군,5.0,"군 2018년 오리지널 테이프 기저귀 남여공용 특대형 XL(12~20kg), 126매",40900.0,기저귀,군,1.0,"군 오리지널 테이프 밴드형 기저귀 남여공용 S (4-8kg), 252매입",40860.0
214,군기저귀,기저귀,군,5.0,"군 2018년 오리지널 테이프 기저귀 남여공용 특대형 XL(12~20kg), 126매",40900.0,기저귀,군,3.0,"군 오리지널 테이프 밴드형 기저귀 남여공용 대형 L(9~14kg), 162매입",40880.0
215,군기저귀,기저귀,군,8.0,"군 2018년 오리지널 테이프 밴드형 기저귀 남여공용 신생아용(~5kg), 270매입",41150.0,기저귀,군,1.0,"군 오리지널 테이프 밴드형 기저귀 남여공용 S (4-8kg), 252매입",40860.0
216,군기저귀,기저귀,군,8.0,"군 2018년 오리지널 테이프 밴드형 기저귀 남여공용 신생아용(~5kg), 270매입",41150.0,기저귀,군,3.0,"군 오리지널 테이프 밴드형 기저귀 남여공용 대형 L(9~14kg), 162매입",40880.0
217,군기저귀,기저귀,군,8.0,"군 2018년 오리지널 테이프 밴드형 기저귀 남여공용 신생아용(~5kg), 270매입",41150.0,기저귀,군,2.0,"군 2018년 오리지널 테이프 밴드형 기저귀 남녀공용 중형 M(6~11kg), 192매입",41270.0
218,군기저귀,기저귀,군,8.0,"군 2018년 오리지널 테이프 밴드형 기저귀 남여공용 신생아용(~5kg), 270매입",41150.0,기저귀,군,11.0,"군 오리지널 팬티형 기저귀 남여공용 M(7~12kg), 174매",40600.0
219,군기저귀,기저귀,군,8.0,"군 2018년 오리지널 테이프 밴드형 기저귀 남여공용 신생아용(~5kg), 270매입",41150.0,기저귀,군,5.0,"군 2018년 오리지널 테이프 기저귀 남여공용 특대형 XL(12~20kg), 126매",40900.0
220,군기저귀,기저귀,군,4.0,"군 오리지널 팬티형 일회용 기저귀 남아용 XL 12~20kg, 114매",41900.0,기저귀,군,4.0,"군 오리지널 팬티형 기저귀 여아용 특대형 XL (12~20kg), 114매",41490.0
221,군기저귀,기저귀,군,4.0,"군 오리지널 팬티형 일회용 기저귀 남아용 XL 12~20kg, 114매",41900.0,기저귀,군,7.0,"군 오리지널 팬티형 기저귀 남아용 L (9~14kg), 132매",41470.0
222,군기저귀,기저귀,군,4.0,"군 오리지널 팬티형 일회용 기저귀 남아용 XL 12~20kg, 114매",41900.0,기저귀,군,5.0,"군 2018년 오리지널 테이프 기저귀 남여공용 특대형 XL(12~20kg), 126매",40900.0
223,군기저귀,기저귀,군,4.0,"군 오리지널 팬티형 일회용 기저귀 남아용 XL 12~20kg, 114매",41900.0,기저귀,군,11.0,"군 오리지널 팬티형 기저귀 남여공용 M(7~12kg), 174매",40600.0
224,군기저귀,기저귀,군,4.0,"군 오리지널 팬티형 일회용 기저귀 남아용 XL 12~20kg, 114매",41900.0,기저귀,군,42.0,"군 오리지널 팬티형 기저귀 남아용 XXL (13~25kg), 168매",83000.0
225,군기저귀,기저귀,군,4.0,"군 오리지널 팬티형 기저귀 여아용 특대형 XL (12~20kg), 114매",41490.0,기저귀,군,4.0,"군 오리지널 팬티형 일회용 기저귀 남아용 XL 12~20kg, 114매",41900.0
226,군기저귀,기저귀,군,4.0,"군 오리지널 팬티형 기저귀 여아용 특대형 XL (12~20kg), 114매",41490.0,기저귀,군,5.0,"군 2018년 오리지널 테이프 기저귀 남여공용 특대형 XL(12~20kg), 126매",40900.0
227,군기저귀,기저귀,군,4.0,"군 오리지널 팬티형 기저귀 여아용 특대형 XL (12~20kg), 114매",41490.0,기저귀,군,6.0,"군 오리지널 팬티형 기저귀 여아용 대형(9~14kg), 132매",41500.0
228,군기저귀,기저귀,군,4.0,"군 오리지널 팬티형 기저귀 여아용 특대형 XL (12~20kg), 114매",41490.0,기저귀,군,7.0,"군 오리지널 팬티형 기저귀 남아용 L (9~14kg), 132매",41470.0
229,군기저귀,기저귀,군,4.0,"군 오리지널 팬티형 기저귀 여아용 특대형 XL (12~20kg), 114매",41490.0,기저귀,군,11.0,"군 오리지널 팬티형 기저귀 남여공용 M(7~12kg), 174매",40600.0
230,군기저귀,기저귀,군,7.0,"군 오리지널 팬티형 기저귀 남아용 L (9~14kg), 132매",41470.0,기저귀,군,6.0,"군 오리지널 팬티형 기저귀 여아용 대형(9~14kg), 132매",41500.0
231,군기저귀,기저귀,군,7.0,"군 오리지널 팬티형 기저귀 남아용 L (9~14kg), 132매",41470.0,기저귀,군,99.0,"군 2017년형 썸머 팬티형 기저귀 남아용 L (9~14kg), 132매",47630.0
232,군기저귀,기저귀,군,7.0,"군 오리지널 팬티형 기저귀 남아용 L (9~14kg), 132매",41470.0,기저귀,군,88.0,"군 윈터 팬티형 기저귀 여아용 L 4단계(9~14kg), 132매",42000.0
233,군기저귀,기저귀,군,7.0,"군 오리지널 팬티형 기저귀 남아용 L (9~14kg), 132매",41470.0,기저귀,군,11.0,"군 오리지널 팬티형 기저귀 남여공용 M(7~12kg), 174매",40600.0
234,군기저귀,기저귀,군,7.0,"군 오리지널 팬티형 기저귀 남아용 L (9~14kg), 132매",41470.0,기저귀,군,42.0,"군 오리지널 팬티형 기저귀 남아용 XXL (13~25kg), 168매",83000.0
235,군기저귀,기저귀,군,6.0,"군 오리지널 팬티형 기저귀 여아용 대형(9~14kg), 132매",41500.0,기저귀,군,7.0,"군 오리지널 팬티형 기저귀 남아용 L (9~14kg), 132매",41470.0
236,군기저귀,기저귀,군,6.0,"군 오리지널 팬티형 기저귀 여아용 대형(9~14kg), 132매",41500.0,기저귀,군,88.0,"군 윈터 팬티형 기저귀 여아용 L 4단계(9~14kg), 132매",42000.0
237,군기저귀,기저귀,군,6.0,"군 오리지널 팬티형 기저귀 여아용 대형(9~14kg), 132매",41500.0,기저귀,군,99.0,"군 2017년형 썸머 팬티형 기저귀 남아용 L (9~14kg), 132매",47630.0
238,군기저귀,기저귀,군,6.0,"군 오리지널 팬티형 기저귀 여아용 대형(9~14kg), 132매",41500.0,기저귀,군,11.0,"군 오리지널 팬티형 기저귀 남여공용 M(7~12kg), 174매",40600.0
239,군기저귀,기저귀,군,6.0,"군 오리지널 팬티형 기저귀 여아용 대형(9~14kg), 132매",41500.0,기저귀,군,3.0,"군 오리지널 테이프 밴드형 기저귀 남여공용 대형 L(9~14kg), 162매입",40880.0
240,군기저귀,기저귀,군,2.0,"군 2018년 오리지널 테이프 밴드형 기저귀 남녀공용 중형 M(6~11kg), 192매입",41270.0,기저귀,군,1.0,"군 오리지널 테이프 밴드형 기저귀 남여공용 S (4-8kg), 252매입",40860.0
241,군기저귀,기저귀,군,2.0,"군 2018년 오리지널 테이프 밴드형 기저귀 남녀공용 중형 M(6~11kg), 192매입",41270.0,기저귀,군,8.0,"군 2018년 오리지널 테이프 밴드형 기저귀 남여공용 신생아용(~5kg), 270매입",41150.0
242,군기저귀,기저귀,군,2.0,"군 2018년 오리지널 테이프 밴드형 기저귀 남녀공용 중형 M(6~11kg), 192매입",41270.0,기저귀,군,3.0,"군 오리지널 테이프 밴드형 기저귀 남여공용 대형 L(9~14kg), 162매입",40880.0
243,군기저귀,기저귀,군,2.0,"군 2018년 오리지널 테이프 밴드형 기저귀 남녀공용 중형 M(6~11kg), 192매입",41270.0,기저귀,군,15.0,"군 슬림앤드라이 밴드형 기저귀 남녀공용 S (4~8kg), 176매",31190.0
244,군기저귀,기저귀,군,2.0,"군 2018년 오리지널 테이프 밴드형 기저귀 남녀공용 중형 M(6~11kg), 192매입",41270.0,기저귀,군,28.0,"군 슬림앤드라이 밴드형 기저귀 남녀공용 S (4~8kg), 132매",27900.0
245,군기저귀,기저귀,군,3.0,"군 오리지널 테이프 밴드형 기저귀 남여공용 대형 L(9~14kg), 162매입",40880.0,기저귀,군,1.0,"군 오리지널 테이프 밴드형 기저귀 남여공용 S (4-8kg), 252매입",40860.0
246,군기저귀,기저귀,군,3.0,"군 오리지널 테이프 밴드형 기저귀 남여공용 대형 L(9~14kg), 162매입",40880.0,기저귀,군,8.0,"군 2018년 오리지널 테이프 밴드형 기저귀 남여공용 신생아용(~5kg), 270매입",41150.0
247,군기저귀,기저귀,군,3.0,"군 오리지널 테이프 밴드형 기저귀 남여공용 대형 L(9~14kg), 162매입",40880.0,기저귀,군,6.0,"군 오리지널 팬티형 기저귀 여아용 대형(9~14kg), 132매",41500.0
248,군기저귀,기저귀,군,3.0,"군 오리지널 테이프 밴드형 기저귀 남여공용 대형 L(9~14kg), 162매입",40880.0,기저귀,군,7.0,"군 오리지널 팬티형 기저귀 남아용 L (9~14kg), 132매",41470.0
249,군기저귀,기저귀,군,3.0,"군 오리지널 테이프 밴드형 기저귀 남여공용 대형 L(9~14kg), 162매입",40880.0,기저귀,군,11.0,"군 오리지널 팬티형 기저귀 남여공용 M(7~12kg), 174매",40600.0
250,운동화,스니커즈,슬레진저,2.0,"슬레진저 스킬 스타일리쉬 스니커즈 SL-252, 레드, 230",9210.0,운동화,슬레진저,99.0,"슬레진저 리코 운동화 SL-282, 레드, 230",12000.0
251,운동화,스니커즈,슬레진저,2.0,"슬레진저 스킬 스타일리쉬 스니커즈 SL-252, 레드, 230",9210.0,운동화,슬레진저,36.0,"슬레진저 셀릭 운동화 SL-181, 블랙, 230",11480.0
252,운동화,스니커즈,슬레진저,2.0,"슬레진저 스킬 스타일리쉬 스니커즈 SL-252, 레드, 230",9210.0,운동화,슬레진저,33.0,"슬레진저 라이 운동화 SL-212, 그레이, 230",17710.0
253,운동화,스니커즈,슬레진저,2.0,"슬레진저 스킬 스타일리쉬 스니커즈 SL-252, 레드, 230",9210.0,운동화,슬레진저,139.0,"슬레진저 텐버 운동화 SL-333, 화이트, 230",20380.0
254,운동화,스니커즈,슬레진저,2.0,"슬레진저 스킬 스타일리쉬 스니커즈 SL-252, 레드, 230",9210.0,운동화,슬레진저,188.0,"슬레진저 레토 운동화 SL-222, 블랙, 230",13110.0
255,운동화,운동화,페이퍼플레인,5.0,"페이퍼플레인 운동화 PP1447, 화이트, 255",27810.0,운동화,페이퍼플레인,20.0,"페이퍼플레인 남녀공용 운동화 PP1408, 화이트 + 블랙, 295",30470.0
256,운동화,운동화,페이퍼플레인,5.0,"페이퍼플레인 운동화 PP1447, 화이트, 255",27810.0,운동화,페이퍼플레인,66.0,"페이퍼플레인 운동화 PP1317, 화이트네이비, 270",29800.0
257,운동화,운동화,페이퍼플레인,5.0,"페이퍼플레인 운동화 PP1447, 화이트, 255",27810.0,운동화,페이퍼플레인,161.0,"페이퍼플레인 운동화 PP1358, 그레이, 235",32470.0
258,운동화,운동화,페이퍼플레인,5.0,"페이퍼플레인 운동화 PP1447, 화이트, 255",27810.0,운동화,페이퍼플레인,123.0,"페이퍼플레인 운동화 PP1408, 화이트블루핑크, 235",33210.0
259,운동화,운동화,페이퍼플레인,5.0,"페이퍼플레인 운동화 PP1447, 화이트, 255",27810.0,운동화,아날도바시니,48.0,"아날도바시니 바루스 운동화, 화이트, 230",8910.0
260,운동화,스니커즈,SNRD,1.0,"SNRD 스니커즈 런닝화 SN192, 블랙, 225",15630.0,스니커즈,뉴발란스,28.0,"뉴발란스 MRL247LK 스니커즈, 블랙,220",49500.0
261,운동화,스니커즈,SNRD,1.0,"SNRD 스니커즈 런닝화 SN192, 블랙, 225",15630.0,스니커즈,뉴발란스,302.0,"뉴발란스 MRL247BR 스니커즈, 블랙, 220",42500.0
262,운동화,스니커즈,SNRD,1.0,"SNRD 스니커즈 런닝화 SN192, 블랙, 225",15630.0,운동화,프로월드컵,186.0,"프로월드컵 남여스니커즈운동화, 블랙, 235",15570.0
263,운동화,스니커즈,SNRD,1.0,"SNRD 스니커즈 런닝화 SN192, 블랙, 225",15630.0,스니커즈,뉴발란스,17.0,"뉴발란스 MRL247WR 스니커즈, 화이트, 220",49500.0
264,운동화,스니커즈,SNRD,1.0,"SNRD 스니커즈 런닝화 SN192, 블랙, 225",15630.0,스니커즈,뉴발란스,157.0,"뉴발란스 U520AI 스니커즈, 그린, 230",36000.0
265,뉴발란스,스니커즈,뉴발란스,1.0,"뉴발란스 스니커즈 U520AJ, 블랙, 220",49800.0,스니커즈,뉴발란스,505.0,"뉴발란스 MS574SCO 스니커즈, 블랙, 220",50140.0
266,뉴발란스,스니커즈,뉴발란스,1.0,"뉴발란스 스니커즈 U520AJ, 블랙, 220",49800.0,스니커즈,뉴발란스,5.0,"뉴발란스 MRL247LK 스니커즈, 블랙,220",49500.0
267,뉴발란스,스니커즈,뉴발란스,1.0,"뉴발란스 스니커즈 U520AJ, 블랙, 220",49800.0,스니커즈,뉴발란스,486.0,"뉴발란스 MRL247GR 스니커즈, 블랙, 220",46420.0
268,뉴발란스,스니커즈,뉴발란스,1.0,"뉴발란스 스니커즈 U520AJ, 블랙, 220",49800.0,스니커즈,뉴발란스,489.0,"뉴발란스 MRL247VE 스니커즈, 블랙, 220",69500.0
269,뉴발란스,스니커즈,뉴발란스,1.0,"뉴발란스 스니커즈 U520AJ, 블랙, 220",49800.0,스니커즈,뉴발란스,530.0,"뉴발란스 U520BD 스니커즈,220",49500.0
270,뉴발란스,운동화,뉴발란스,7.0,"뉴발란스 WCOASBK3 운동화, 블랙, 220",41040.0,운동화,뉴발란스,484.0,"뉴발란스 운동화 ML878GB, 블랙, 220",49500.0
271,뉴발란스,운동화,뉴발란스,7.0,"뉴발란스 WCOASBK3 운동화, 블랙, 220",41040.0,운동화,뉴발란스,518.0,"뉴발란스 WCOASWT3 운동화, 화이트, 220",41040.0
272,뉴발란스,운동화,뉴발란스,7.0,"뉴발란스 WCOASBK3 운동화, 블랙, 220",41040.0,운동화,뉴발란스,507.0,"뉴발란스 운동화 MS574SBG, 그레이, 220",49500.0
273,뉴발란스,운동화,뉴발란스,7.0,"뉴발란스 WCOASBK3 운동화, 블랙, 220",41040.0,운동화,뉴발란스,538.0,"뉴발란스 WCOASSL3 운동화, 그레이,220",41040.0
274,뉴발란스,운동화,뉴발란스,7.0,"뉴발란스 WCOASBK3 운동화, 블랙, 220",41040.0,스니커즈,뉴발란스,1.0,"뉴발란스 스니커즈 U520AJ, 블랙, 220",49800.0
275,뉴발란스,스니커즈,뉴발란스,5.0,"뉴발란스 MRL247LK 스니커즈, 블랙,220",49500.0,스니커즈,뉴발란스,1.0,"뉴발란스 스니커즈 U520AJ, 블랙, 220",49800.0
276,뉴발란스,스니커즈,뉴발란스,5.0,"뉴발란스 MRL247LK 스니커즈, 블랙,220",49500.0,스니커즈,뉴발란스,505.0,"뉴발란스 MS574SCO 스니커즈, 블랙, 220",50140.0
277,뉴발란스,스니커즈,뉴발란스,5.0,"뉴발란스 MRL247LK 스니커즈, 블랙,220",49500.0,스니커즈,뉴발란스,486.0,"뉴발란스 MRL247GR 스니커즈, 블랙, 220",46420.0
278,뉴발란스,스니커즈,뉴발란스,5.0,"뉴발란스 MRL247LK 스니커즈, 블랙,220",49500.0,스니커즈,뉴발란스,489.0,"뉴발란스 MRL247VE 스니커즈, 블랙, 220",69500.0
279,뉴발란스,스니커즈,뉴발란스,5.0,"뉴발란스 MRL247LK 스니커즈, 블랙,220",49500.0,스니커즈,뉴발란스,530.0,"뉴발란스 U520BD 스니커즈,220",49500.0
280,뉴발란스,운동화,뉴발란스WL999WM운동화,5.0,"뉴발란스WL999WM운동화, 혼합 색상, 220",64500.0,런닝화,뉴발란스WCRUZBK운동화,556.0,"뉴발란스WCRUZBK운동화, 혼합 색상, 220",44500.0
281,뉴발란스,운동화,뉴발란스WL999WM운동화,5.0,"뉴발란스WL999WM운동화, 혼합 색상, 220",64500.0,운동화,뉴발란스,12.0,"뉴발란스 MRT580XH운동화, 혼합 색상, 220",54500.0
282,뉴발란스,운동화,뉴발란스WL999WM운동화,5.0,"뉴발란스WL999WM운동화, 혼합 색상, 220",64500.0,운동화,뉴발란스WL999TB운동화,8.0,"뉴발란스WL999TB운동화, 혼합색상, 220",64500.0
283,뉴발란스,운동화,뉴발란스WL999WM운동화,5.0,"뉴발란스WL999WM운동화, 혼합 색상, 220",64500.0,운동화,뉴발란스,563.0,"뉴발란스 여성용 러닝화 WZANTBK3, 혼합 색상, 220",49500.0
284,뉴발란스,운동화,뉴발란스WL999WM운동화,5.0,"뉴발란스WL999WM운동화, 혼합 색상, 220",64500.0,운동화,뉴발란스,482.0,"뉴발란스 247 운동화 MRL247BG, 혼합 색상, 220",34320.0
285,뉴발란스,운동화,뉴발란스WL999TB운동화,8.0,"뉴발란스WL999TB운동화, 혼합색상, 220",64500.0,운동화,뉴발란스WL999WM운동화,5.0,"뉴발란스WL999WM운동화, 혼합 색상, 220",64500.0
286,뉴발란스,운동화,뉴발란스WL999TB운동화,8.0,"뉴발란스WL999TB운동화, 혼합색상, 220",64500.0,스니커즈,뉴발란스,530.0,"뉴발란스 U520BD 스니커즈,220",49500.0
287,뉴발란스,운동화,뉴발란스WL999TB운동화,8.0,"뉴발란스WL999TB운동화, 혼합색상, 220",64500.0,스니커즈,뉴발란스,522.0,"뉴발란스 WL520AG 스니커즈,220",49500.0
288,뉴발란스,운동화,뉴발란스WL999TB운동화,8.0,"뉴발란스WL999TB운동화, 혼합색상, 220",64500.0,런닝화,뉴발란스WCRUZBK운동화,556.0,"뉴발란스WCRUZBK운동화, 혼합 색상, 220",44500.0
289,뉴발란스,운동화,뉴발란스WL999TB운동화,8.0,"뉴발란스WL999TB운동화, 혼합색상, 220",64500.0,운동화,뉴발란스,12.0,"뉴발란스 MRT580XH운동화, 혼합 색상, 220",54500.0
290,하기스,기저귀,하기스,5.0,"하기스 2018 보송보송 팬티형 기저귀 남여공용 대형 4단계(10~14kg), 124매",31900.0,기저귀,하기스,14.0,"하기스 2018 매직핏 팬티형 기저귀 남아용 대형 4단계(10~14kg), 144매",43660.0
291,하기스,기저귀,하기스,5.0,"하기스 2018 보송보송 팬티형 기저귀 남여공용 대형 4단계(10~14kg), 124매",31900.0,기저귀,하기스,7.0,"하기스 매직핏 밴드형 기저귀 남여공용 대형 4단계(10~14kg), 144매",41680.0
292,하기스,기저귀,하기스,5.0,"하기스 2018 보송보송 팬티형 기저귀 남여공용 대형 4단계(10~14kg), 124매",31900.0,기저귀,하기스,33.0,"하기스 보송보송 밴드형 기저귀 아동공용 대형 4단계(10~14kg), 156매",33390.0
293,하기스,기저귀,하기스,5.0,"하기스 2018 보송보송 팬티형 기저귀 남여공용 대형 4단계(10~14kg), 124매",31900.0,기저귀,하기스,31.0,"하기스 맥스드라이 팬티형 기저귀 여아용 대형 4단계(10~14kg), 96매",35500.0
294,하기스,기저귀,하기스,5.0,"하기스 2018 보송보송 팬티형 기저귀 남여공용 대형 4단계(10~14kg), 124매",31900.0,기저귀,하기스,24.0,"하기스 맥스드라이 팬티형 기저귀 남아용 대형 4단계(10~14kg), 96매",35510.0
295,하기스,기저귀,하기스,8.0,"하기스 맥스드라이 밴드형 기저귀 아동공용 중형 3단계(7~11kg), 132매",33520.0,기저귀,하기스,9.0,"하기스 보송보송 밴드형 기저귀 아동공용 중형 3단계(7~11kg), 186매",32900.0
296,하기스,기저귀,하기스,8.0,"하기스 맥스드라이 밴드형 기저귀 아동공용 중형 3단계(7~11kg), 132매",33520.0,기저귀,하기스,18.0,"하기스 네이처메이드 밴드형 기저귀 남아용 중형 3단계(7~11kg), 132매",38830.0
297,하기스,기저귀,하기스,8.0,"하기스 맥스드라이 밴드형 기저귀 아동공용 중형 3단계(7~11kg), 132매",33520.0,기저귀,하기스,45.0,"하기스 2018 매직핏 꿀벅지 밴드형 기저귀 아동공용 중형 3단계 플러스(7~11kg), 198매",48900.0
298,하기스,기저귀,하기스,8.0,"하기스 맥스드라이 밴드형 기저귀 아동공용 중형 3단계(7~11kg), 132매",33520.0,기저귀,하기스,2.0,"하기스 2018 매직핏 밴드형 기저귀 남녀공용 중형 3단계(7~11kg), 180매",42630.0
299,하기스,기저귀,하기스,8.0,"하기스 맥스드라이 밴드형 기저귀 아동공용 중형 3단계(7~11kg), 132매",33520.0,기저귀,하기스,17.0,"하기스 맥스드라이 밴드형 기저귀 아동공용 대형 4단계(10~14kg), 108매",34870.0
300,하기스,기저귀,하기스,4.0,"하기스 매직핏 팬티형 기저귀 남아용 특대형 5단계(13~18kg), 120매",44050.0,기저귀,하기스,7.0,"하기스 2018 매직핏 팬티형 기저귀 여아용 특대형 5단계(13~18kg), 120매",47010.0
301,하기스,기저귀,하기스,4.0,"하기스 매직핏 팬티형 기저귀 남아용 특대형 5단계(13~18kg), 120매",44050.0,기저귀,하기스,14.0,"하기스 맥스드라이 팬티형 기저귀 남아용 특대형 5단계(13~18kg), 80매",35510.0
302,하기스,기저귀,하기스,4.0,"하기스 매직핏 팬티형 기저귀 남아용 특대형 5단계(13~18kg), 120매",44050.0,기저귀,하기스,12.0,"하기스 맥스드라이 팬티형 기저귀 여아용 특대형 5단계(13~18kg), 80매",35510.0
303,하기스,기저귀,하기스,4.0,"하기스 매직핏 팬티형 기저귀 남아용 특대형 5단계(13~18kg), 120매",44050.0,기저귀,하기스,20.0,"하기스 네이처메이드 팬티형 기저귀 여아용 특대형 5단계(13~18kg), 80매",42400.0
304,하기스,기저귀,하기스,4.0,"하기스 매직핏 팬티형 기저귀 남아용 특대형 5단계(13~18kg), 120매",44050.0,기저귀,하기스,1.0,"하기스 2018 보송보송 팬티형 기저귀 아동공용 특대형 5단계(13~18kg), 104매",31900.0
305,하기스,기저귀,하기스,7.0,"하기스 2018 매직핏 팬티형 기저귀 여아용 특대형 5단계(13~18kg), 120매",47010.0,기저귀,하기스,4.0,"하기스 매직핏 팬티형 기저귀 남아용 특대형 5단계(13~18kg), 120매",44050.0
306,하기스,기저귀,하기스,7.0,"하기스 2018 매직핏 팬티형 기저귀 여아용 특대형 5단계(13~18kg), 120매",47010.0,기저귀,하기스,12.0,"하기스 맥스드라이 팬티형 기저귀 여아용 특대형 5단계(13~18kg), 80매",35510.0
307,하기스,기저귀,하기스,7.0,"하기스 2018 매직핏 팬티형 기저귀 여아용 특대형 5단계(13~18kg), 120매",47010.0,기저귀,하기스,20.0,"하기스 네이처메이드 팬티형 기저귀 여아용 특대형 5단계(13~18kg), 80매",42400.0
308,하기스,기저귀,하기스,7.0,"하기스 2018 매직핏 팬티형 기저귀 여아용 특대형 5단계(13~18kg), 120매",47010.0,기저귀,하기스,1.0,"하기스 2018 보송보송 팬티형 기저귀 아동공용 특대형 5단계(13~18kg), 104매",31900.0
309,하기스,기저귀,하기스,7.0,"하기스 2018 매직핏 팬티형 기저귀 여아용 특대형 5단계(13~18kg), 120매",47010.0,기저귀,하기스,14.0,"하기스 맥스드라이 팬티형 기저귀 남아용 특대형 5단계(13~18kg), 80매",35510.0
310,하기스,기저귀,하기스,6.0,"하기스 매직핏팬티 기저귀 여아용 대형 4단계(10~14kg), 144매",46330.0,기저귀,하기스,7.0,"하기스 매직핏 밴드형 기저귀 남여공용 대형 4단계(10~14kg), 144매",41680.0
311,하기스,기저귀,하기스,6.0,"하기스 매직핏팬티 기저귀 여아용 대형 4단계(10~14kg), 144매",46330.0,기저귀,하기스,31.0,"하기스 맥스드라이 팬티형 기저귀 여아용 대형 4단계(10~14kg), 96매",35500.0
312,하기스,기저귀,하기스,6.0,"하기스 매직핏팬티 기저귀 여아용 대형 4단계(10~14kg), 144매",46330.0,기저귀,하기스,46.0,"하기스 네이처메이드 팬티형 기저귀 여아용 대형 4단계(10~14kg), 96매",42390.0
313,하기스,기저귀,하기스,6.0,"하기스 매직핏팬티 기저귀 여아용 대형 4단계(10~14kg), 144매",46330.0,기저귀,하기스,14.0,"하기스 2018 매직핏 팬티형 기저귀 남아용 대형 4단계(10~14kg), 144매",43660.0
314,하기스,기저귀,하기스,6.0,"하기스 매직핏팬티 기저귀 여아용 대형 4단계(10~14kg), 144매",46330.0,기저귀,하기스,17.0,"하기스 맥스드라이 밴드형 기저귀 아동공용 대형 4단계(10~14kg), 108매",34870.0
315,하기스,기저귀,하기스,1.0,"하기스 2018 보송보송 팬티형 기저귀 아동공용 특대형 5단계(13~18kg), 104매",31900.0,기저귀,하기스,7.0,"하기스 2018 매직핏 팬티형 기저귀 여아용 특대형 5단계(13~18kg), 120매",47010.0
316,하기스,기저귀,하기스,1.0,"하기스 2018 보송보송 팬티형 기저귀 아동공용 특대형 5단계(13~18kg), 104매",31900.0,기저귀,하기스,4.0,"하기스 매직핏 팬티형 기저귀 남아용 특대형 5단계(13~18kg), 120매",44050.0
317,하기스,기저귀,하기스,1.0,"하기스 2018 보송보송 팬티형 기저귀 아동공용 특대형 5단계(13~18kg), 104매",31900.0,기저귀,하기스,12.0,"하기스 맥스드라이 팬티형 기저귀 여아용 특대형 5단계(13~18kg), 80매",35510.0
318,하기스,기저귀,하기스,1.0,"하기스 2018 보송보송 팬티형 기저귀 아동공용 특대형 5단계(13~18kg), 104매",31900.0,기저귀,하기스,14.0,"하기스 맥스드라이 팬티형 기저귀 남아용 특대형 5단계(13~18kg), 80매",35510.0
319,하기스,기저귀,하기스,1.0,"하기스 2018 보송보송 팬티형 기저귀 아동공용 특대형 5단계(13~18kg), 104매",31900.0,기저귀,하기스,20.0,"하기스 네이처메이드 팬티형 기저귀 여아용 특대형 5단계(13~18kg), 80매",42400.0
320,하기스,기저귀,하기스,3.0,"하기스 매직핏 밴드형 기저귀 아동공용 소형 2단계(4~8kg), 192매",41900.0,기저귀,하기스,18.0,"하기스 보송보송 밴드형 기저귀 아동공용 소형 2단계(4~8kg), 228매",33390.0
321,하기스,기저귀,하기스,3.0,"하기스 매직핏 밴드형 기저귀 아동공용 소형 2단계(4~8kg), 192매",41900.0,기저귀,하기스,29.0,"하기스 네이처메이드 밴드형 기저귀 남아용 소형 2단계(4~8kg), 156매",42870.0
322,하기스,기저귀,하기스,3.0,"하기스 매직핏 밴드형 기저귀 아동공용 소형 2단계(4~8kg), 192매",41900.0,기저귀,하기스,34.0,"하기스 네이처메이드 밴드형 기저귀 여아용 소형 2단계(4~8kg), 156매",43500.0
323,하기스,기저귀,하기스,3.0,"하기스 매직핏 밴드형 기저귀 아동공용 소형 2단계(4~8kg), 192매",41900.0,기저귀,하기스,8.0,"하기스 맥스드라이 밴드형 기저귀 아동공용 중형 3단계(7~11kg), 132매",33520.0
324,하기스,기저귀,하기스,3.0,"하기스 매직핏 밴드형 기저귀 아동공용 소형 2단계(4~8kg), 192매",41900.0,기저귀,하기스,9.0,"하기스 보송보송 밴드형 기저귀 아동공용 중형 3단계(7~11kg), 186매",32900.0
325,하기스,기저귀,하기스,10.0,"하기스 2018 보송보송 팬티형 기저귀 아동공용 점보 6단계(17kg~), 88매",33030.0,기저귀,하기스,24.0,"하기스 2018 매직핏 팬티형 기저귀 남아용 점보형 6단계(17kg ~ ), 104매",50900.0
326,하기스,기저귀,하기스,10.0,"하기스 2018 보송보송 팬티형 기저귀 아동공용 점보 6단계(17kg~), 88매",33030.0,기저귀,하기스,32.0,"하기스 맥스드라이 팬티형 기저귀 남아용 점보형 6단계(17kg~), 68매",35510.0
327,하기스,기저귀,하기스,10.0,"하기스 2018 보송보송 팬티형 기저귀 아동공용 점보 6단계(17kg~), 88매",33030.0,기저귀,하기스,28.0,"하기스 네이처메이드 팬티형 기저귀 남아용 점보형 6단계(17kg~), 68매",42400.0
328,하기스,기저귀,하기스,10.0,"하기스 2018 보송보송 팬티형 기저귀 아동공용 점보 6단계(17kg~), 88매",33030.0,기저귀,하기스,1.0,"하기스 2018 보송보송 팬티형 기저귀 아동공용 특대형 5단계(13~18kg), 104매",31900.0
329,하기스,기저귀,하기스,10.0,"하기스 2018 보송보송 팬티형 기저귀 아동공용 점보 6단계(17kg~), 88매",33030.0,기저귀,하기스,9.0,"하기스 보송보송 밴드형 기저귀 아동공용 중형 3단계(7~11kg), 186매",32900.0
330,하기스,기저귀,하기스,7.0,"하기스 매직핏 밴드형 기저귀 남여공용 대형 4단계(10~14kg), 144매",41680.0,기저귀,하기스,14.0,"하기스 2018 매직핏 팬티형 기저귀 남아용 대형 4단계(10~14kg), 144매",43660.0
331,하기스,기저귀,하기스,7.0,"하기스 매직핏 밴드형 기저귀 남여공용 대형 4단계(10~14kg), 144매",41680.0,기저귀,하기스,6.0,"하기스 매직핏팬티 기저귀 여아용 대형 4단계(10~14kg), 144매",46330.0
332,하기스,기저귀,하기스,7.0,"하기스 매직핏 밴드형 기저귀 남여공용 대형 4단계(10~14kg), 144매",41680.0,기저귀,하기스,17.0,"하기스 맥스드라이 밴드형 기저귀 아동공용 대형 4단계(10~14kg), 108매",34870.0
333,하기스,기저귀,하기스,7.0,"하기스 매직핏 밴드형 기저귀 남여공용 대형 4단계(10~14kg), 144매",41680.0,기저귀,하기스,33.0,"하기스 보송보송 밴드형 기저귀 아동공용 대형 4단계(10~14kg), 156매",33390.0
334,하기스,기저귀,하기스,7.0,"하기스 매직핏 밴드형 기저귀 남여공용 대형 4단계(10~14kg), 144매",41680.0,기저귀,하기스,5.0,"하기스 2018 보송보송 팬티형 기저귀 남여공용 대형 4단계(10~14kg), 124매",31900.0
335,하기스,기저귀,하기스,2.0,"하기스 2018 매직핏 밴드형 기저귀 남녀공용 중형 3단계(7~11kg), 180매",42630.0,기저귀,하기스,45.0,"하기스 2018 매직핏 꿀벅지 밴드형 기저귀 아동공용 중형 3단계 플러스(7~11kg), 198매",48900.0
336,하기스,기저귀,하기스,2.0,"하기스 2018 매직핏 밴드형 기저귀 남녀공용 중형 3단계(7~11kg), 180매",42630.0,기저귀,하기스,8.0,"하기스 맥스드라이 밴드형 기저귀 아동공용 중형 3단계(7~11kg), 132매",33520.0
337,하기스,기저귀,하기스,2.0,"하기스 2018 매직핏 밴드형 기저귀 남녀공용 중형 3단계(7~11kg), 180매",42630.0,기저귀,하기스,9.0,"하기스 보송보송 밴드형 기저귀 아동공용 중형 3단계(7~11kg), 186매",32900.0
338,하기스,기저귀,하기스,2.0,"하기스 2018 매직핏 밴드형 기저귀 남녀공용 중형 3단계(7~11kg), 180매",42630.0,기저귀,하기스,18.0,"하기스 네이처메이드 밴드형 기저귀 남아용 중형 3단계(7~11kg), 132매",38830.0
339,하기스,기저귀,하기스,2.0,"하기스 2018 매직핏 밴드형 기저귀 남녀공용 중형 3단계(7~11kg), 180매",42630.0,기저귀,하기스,26.0,"하기스 2018 매직핏 꿀벅지 팬티형 기저귀 아동공용 중형 3단계 플러스(8~11kg), 184매",49590.0
340,하기스,기저귀,하기스,9.0,"하기스 보송보송 밴드형 기저귀 아동공용 중형 3단계(7~11kg), 186매",32900.0,기저귀,하기스,8.0,"하기스 맥스드라이 밴드형 기저귀 아동공용 중형 3단계(7~11kg), 132매",33520.0
341,하기스,기저귀,하기스,9.0,"하기스 보송보송 밴드형 기저귀 아동공용 중형 3단계(7~11kg), 186매",32900.0,기저귀,하기스,18.0,"하기스 네이처메이드 밴드형 기저귀 남아용 중형 3단계(7~11kg), 132매",38830.0
342,하기스,기저귀,하기스,9.0,"하기스 보송보송 밴드형 기저귀 아동공용 중형 3단계(7~11kg), 186매",32900.0,기저귀,하기스,45.0,"하기스 2018 매직핏 꿀벅지 밴드형 기저귀 아동공용 중형 3단계 플러스(7~11kg), 198매",48900.0
343,하기스,기저귀,하기스,9.0,"하기스 보송보송 밴드형 기저귀 아동공용 중형 3단계(7~11kg), 186매",32900.0,기저귀,하기스,2.0,"하기스 2018 매직핏 밴드형 기저귀 남녀공용 중형 3단계(7~11kg), 180매",42630.0
344,하기스,기저귀,하기스,9.0,"하기스 보송보송 밴드형 기저귀 아동공용 중형 3단계(7~11kg), 186매",32900.0,기저귀,하기스,18.0,"하기스 보송보송 밴드형 기저귀 아동공용 소형 2단계(4~8kg), 228매",33390.0
345,냉장고,냉장고,미디어,9.0,"미디어 미니 냉장고 87L 자가설치, MR-87LS",148000.0,냉장고,미디어,59.0,"미디어 냉장고 MR-93LW1 93L 자가설치,",115650.0
346,냉장고,냉장고,미디어,9.0,"미디어 미니 냉장고 87L 자가설치, MR-87LS",148000.0,냉장고,미디어,116.0,"미디어 미니 냉장고 MR-50L 45L 자가설치, MR-50LW",88000.0
347,냉장고,냉장고,미디어,9.0,"미디어 미니 냉장고 87L 자가설치, MR-87LS",148000.0,냉장고,미디어,153.0,"미디어 1도어 냉장고 93L 자가설치, MR-93LS1",120150.0
348,냉장고,냉장고,미디어,9.0,"미디어 미니 냉장고 87L 자가설치, MR-87LS",148000.0,냉장고,미디어,156.0,"미디어 미니 냉장고 MR-50L 45L 자가설치, MR-50LB",91520.0
349,냉장고,냉장고,미디어,9.0,"미디어 미니 냉장고 87L 자가설치, MR-87LS",148000.0,냉장고,미디어,172.0,"미디어 미니 냉장고 MR-50L 45L 자가설치, MR-50LS",89900.0
350,냉장고,냉장고,하이얼,8.0,"하이얼 냉장고 85L 블랙, HRT88MDB",159000.0,냉장고,하이얼,193.0,"하이얼 실속형 냉장고 46L 블랙, HRT48MDB",94490.0
351,냉장고,냉장고,하이얼,8.0,"하이얼 냉장고 85L 블랙, HRT88MDB",159000.0,냉장고,하이얼,78.0,"하이얼 소형 냉장고 76L 자가설치, HRT78MDW",106480.0
352,냉장고,냉장고,하이얼,8.0,"하이얼 냉장고 85L 블랙, HRT88MDB",159000.0,냉장고,하이얼,28.0,"하이얼 실속형 냉장고 85 L 화이트 자가설치, HRT88MDW",138930.0
353,냉장고,냉장고,하이얼,8.0,"하이얼 냉장고 85L 블랙, HRT88MDB",159000.0,냉장고,삼성전자,39.0,"삼성전자  냉장고 RT38K5039WW 381 L 방문설치,",579450.0
354,냉장고,냉장고,하이얼,8.0,"하이얼 냉장고 85L 블랙, HRT88MDB",159000.0,냉장고,삼성전자,1.0,삼성전자 양문형 냉장고 RS82M6000S8 815L,990000.0
355,냉장고,냉장고,삼성전자,1.0,삼성전자 양문형 냉장고 RS82M6000S8 815L,990000.0,냉장고,삼성전자,39.0,"삼성전자  냉장고 RT38K5039WW 381 L 방문설치,",579450.0
356,냉장고,냉장고,삼성전자,1.0,삼성전자 양문형 냉장고 RS82M6000S8 815L,990000.0,냉장고,삼성전자,104.0,"삼성전자 냉장고 RB38J7200S4 401L 방문설치,",789000.0
357,냉장고,냉장고,삼성전자,1.0,삼성전자 양문형 냉장고 RS82M6000S8 815L,990000.0,냉장고,삼성전자,48.0,삼성전자  냉장고 RT17N1000WW 160L 방문설치,278000.0
358,냉장고,냉장고,삼성전자,1.0,삼성전자 양문형 냉장고 RS82M6000S8 815L,990000.0,냉장고,삼성전자,91.0,삼성전자 T9000 양문형 냉장고 RF85M91627X 853L 방문설치,2040390.0
359,냉장고,냉장고,삼성전자,1.0,삼성전자 양문형 냉장고 RS82M6000S8 815L,990000.0,냉장고,하이얼,8.0,"하이얼 냉장고 85L 블랙, HRT88MDB",159000.0
360,나이키,운동용품,나이키,10.0,"나이키 유스 드라이 아카데미 KPZ 스포츠 팬츠 839365016, M(60), 검정",32840.0,운동용품,나이키,52.0,"나이키 남성용 AS 드라이 GFX 1 쇼트 891217036, S(75), 회색 + 검정",29900.0
361,나이키,운동용품,나이키,10.0,"나이키 유스 드라이 아카데미 KPZ 스포츠 팬츠 839365016, M(60), 검정",32840.0,운동용품,나이키,478.0,"나이키 스테인레스 하이퍼차지 트위스트 보틀 16oz AC4245068, 검정",36780.0
362,나이키,운동용품,나이키,10.0,"나이키 유스 드라이 아카데미 KPZ 스포츠 팬츠 839365016, M(60), 검정",32840.0,운동용품,나이키,83.0,"나이키 우먼스 펀더멘탈 트레이닝 글러브 GX0071-047, L",15500.0
363,나이키,운동용품,나이키,10.0,"나이키 유스 드라이 아카데미 KPZ 스포츠 팬츠 839365016, M(60), 검정",32840.0,운동용품,나이키,373.0,나이키 르브론 올코트 농구공 7호 BB0625-855,31290.0
364,나이키,운동용품,나이키,10.0,"나이키 유스 드라이 아카데미 KPZ 스포츠 팬츠 839365016, M(60), 검정",32840.0,운동용품,나이키,56.0,"나이키 AS 드라이 스쿼드 17 SDF 스포츠 바람막이자켓 832236010, XS(85), 검정 + 백색",183200.0
365,아디다스,운동용품,아디다스,10.0,"아디다스 티로 백팩 S98393, FREE, 검정 + 다크그레이 + 백색",26460.0,운동용품,아디다스,107.0,"아디다스 퍼포먼스 글러브 CY6802, 검정, M",16950.0
366,아디다스,운동용품,아디다스,10.0,"아디다스 티로 백팩 S98393, FREE, 검정 + 다크그레이 + 백색",26460.0,운동용품,아디다스,55.0,"아디다스 클라이마웜 장갑 DM4410, 검정 + 실버, M",17430.0
367,아디다스,운동용품,아디다스,10.0,"아디다스 티로 백팩 S98393, FREE, 검정 + 다크그레이 + 백색",26460.0,운동용품,아디다스,84.0,"아디다스 테니스 손목밴드 CF6278, L, 블랙",6700.0
368,아디다스,운동용품,아디다스,10.0,"아디다스 티로 백팩 S98393, FREE, 검정 + 다크그레이 + 백색",26460.0,운동용품,아디다스,51.0,"아디다스 이큅먼트 레이싱ADV CQ2243, BLACK, 220",74900.0
369,아디다스,운동용품,아디다스,10.0,"아디다스 티로 백팩 S98393, FREE, 검정 + 다크그레이 + 백색",26460.0,스포츠의류,아디다스,85.0,"아디다스 여성용 알파스킨 스포츠 롱 타이즈 CF6554, 2XS, 검정",32030.0
370,기저귀,기저귀,Alloves,9.0,"Alloves 2017년 프리미엄 팬티형 기저귀 남녀공용 XXL (13~17kg), 68매",18600.0,기저귀,블리스비,26.0,"블리스비 2017년 올러브 프리미엄 팬티형 기저귀 남녀공용 점보XXL (13~17kg), 102매",25040.0
371,기저귀,기저귀,Alloves,9.0,"Alloves 2017년 프리미엄 팬티형 기저귀 남녀공용 XXL (13~17kg), 68매",18600.0,기저귀,Alloves,43.0,"Alloves 2017년 프리미엄 팬티형 기저귀 남녀공용 특대형 (11~14kg), 76매",18600.0
372,기저귀,기저귀,Alloves,9.0,"Alloves 2017년 프리미엄 팬티형 기저귀 남녀공용 XXL (13~17kg), 68매",18600.0,기저귀,치쿨,44.0,"치쿨 슈페리어 팬티형 기저귀 남여공용 XXL(13kg~), 64매",16270.0
373,기저귀,기저귀,Alloves,9.0,"Alloves 2017년 프리미엄 팬티형 기저귀 남녀공용 XXL (13~17kg), 68매",18600.0,기저귀,보솜이,17.0,"보솜이 리얼코튼 밴드형 기저귀 남녀공용 특대형 (13~18kg), 108매",28350.0
374,기저귀,기저귀,Alloves,9.0,"Alloves 2017년 프리미엄 팬티형 기저귀 남녀공용 XXL (13~17kg), 68매",18600.0,기저귀,마미포코,317.0,"마미포코 리프가닉 팬티형 기저귀 남녀공용 중형 3단계(7~11kg), 120매",46030.0
375,기저귀,기저귀,보솜이,7.0,"보솜이 액션핏팬 팬티형 기저귀 남아용 특대형(11~14kg), 120개입",35980.0,기저귀,네이쳐러브메레,10.0,"네이쳐러브메레 슬림 팬티형 기저귀 남여공용 특대형 (11~14kg), 96매",32220.0
376,기저귀,기저귀,보솜이,7.0,"보솜이 액션핏팬 팬티형 기저귀 남아용 특대형(11~14kg), 120개입",35980.0,기저귀,페넬로페,37.0,"페넬로페 씬씬씬 에어슬림 팬티형 기저귀 남아용 특대형 5단계(11~14kg), 88매",35900.0
377,기저귀,기저귀,보솜이,7.0,"보솜이 액션핏팬 팬티형 기저귀 남아용 특대형(11~14kg), 120개입",35980.0,기저귀,Alloves,43.0,"Alloves 2017년 프리미엄 팬티형 기저귀 남녀공용 특대형 (11~14kg), 76매",18600.0
378,기저귀,기저귀,보솜이,7.0,"보솜이 액션핏팬 팬티형 기저귀 남아용 특대형(11~14kg), 120개입",35980.0,기저귀,토디앙,4.0,"토디앙 핑크퐁 팬티형 기저귀 남아용 특대형 5단계(13kg~), 108매",30930.0
379,기저귀,기저귀,보솜이,7.0,"보솜이 액션핏팬 팬티형 기저귀 남아용 특대형(11~14kg), 120개입",35980.0,기저귀,팸퍼스,12.0,"팸퍼스 베이비 드라이 팬티형 기저귀 남여공용 5단계(11~14kg), 144매",56900.0
380,기저귀,기저귀,보솜이,8.0,"보솜이 리얼코튼 밴드형 기저귀 남녀공용 대형 (10~14kg), 120매",31090.0,기저귀,숨앤숨,24.0,"숨앤숨 올뉴 밴드형 기저귀 남녀공용 L (10~14kg), 대형, 168매",25800.0
381,기저귀,기저귀,보솜이,8.0,"보솜이 리얼코튼 밴드형 기저귀 남녀공용 대형 (10~14kg), 120매",31090.0,기저귀,숨앤숨,103.0,"숨앤숨 WE 밴드형 기저귀 남녀공용 대형 (10~14kg), 160매",23800.0
382,기저귀,기저귀,보솜이,8.0,"보솜이 리얼코튼 밴드형 기저귀 남녀공용 대형 (10~14kg), 120매",31090.0,기저귀,보솜이,17.0,"보솜이 리얼코튼 밴드형 기저귀 남녀공용 특대형 (13~18kg), 108매",28350.0
383,기저귀,기저귀,보솜이,8.0,"보솜이 리얼코튼 밴드형 기저귀 남녀공용 대형 (10~14kg), 120매",31090.0,기저귀,하기스,22.0,"하기스 보송보송 밴드형 기저귀 아동공용 대형 4단계(10~14kg), 156매",33390.0
384,기저귀,기저귀,보솜이,8.0,"보솜이 리얼코튼 밴드형 기저귀 남녀공용 대형 (10~14kg), 120매",31090.0,기저귀,슈퍼대디,30.0,"슈퍼대디 매직슬림 팬티형 기저귀 남녀공용 특대 XL (10~14kg), 72매",27900.0
385,기저귀,기저귀,네이쳐러브메레,10.0,"네이쳐러브메레 슬림 팬티형 기저귀 남여공용 특대형 (11~14kg), 96매",32220.0,기저귀,보솜이,7.0,"보솜이 액션핏팬 팬티형 기저귀 남아용 특대형(11~14kg), 120개입",35980.0
386,기저귀,기저귀,네이쳐러브메레,10.0,"네이쳐러브메레 슬림 팬티형 기저귀 남여공용 특대형 (11~14kg), 96매",32220.0,기저귀,팸퍼스,12.0,"팸퍼스 베이비 드라이 팬티형 기저귀 남여공용 5단계(11~14kg), 144매",56900.0
387,기저귀,기저귀,네이쳐러브메레,10.0,"네이쳐러브메레 슬림 팬티형 기저귀 남여공용 특대형 (11~14kg), 96매",32220.0,기저귀,Alloves,43.0,"Alloves 2017년 프리미엄 팬티형 기저귀 남녀공용 특대형 (11~14kg), 76매",18600.0
388,기저귀,기저귀,네이쳐러브메레,10.0,"네이쳐러브메레 슬림 팬티형 기저귀 남여공용 특대형 (11~14kg), 96매",32220.0,기저귀,페넬로페,37.0,"페넬로페 씬씬씬 에어슬림 팬티형 기저귀 남아용 특대형 5단계(11~14kg), 88매",35900.0
389,기저귀,기저귀,네이쳐러브메레,10.0,"네이쳐러브메레 슬림 팬티형 기저귀 남여공용 특대형 (11~14kg), 96매",32220.0,기저귀,베피스,9.0,"베피스 모션 핏 팬티형 기저귀 남여공용 특대형 5단계 (13~18kg), 108매",32900.0
390,기저귀,기저귀,토디앙,4.0,"토디앙 핑크퐁 팬티형 기저귀 남아용 특대형 5단계(13kg~), 108매",30930.0,기저귀,토디앙,17.0,"토디앙 핑크퐁 팬티형 기저귀 여아용 특대형 5단계(13kg~), 108개",30650.0
391,기저귀,기저귀,토디앙,4.0,"토디앙 핑크퐁 팬티형 기저귀 남아용 특대형 5단계(13kg~), 108매",30930.0,기저귀,베피스,9.0,"베피스 모션 핏 팬티형 기저귀 남여공용 특대형 5단계 (13~18kg), 108매",32900.0
392,기저귀,기저귀,토디앙,4.0,"토디앙 핑크퐁 팬티형 기저귀 남아용 특대형 5단계(13kg~), 108매",30930.0,기저귀,마미포코,66.0,"마미포코 에어 핏 팬티형 기저귀 남아용 특대형 5단계(13~18kg), 112매",39200.0
393,기저귀,기저귀,토디앙,4.0,"토디앙 핑크퐁 팬티형 기저귀 남아용 특대형 5단계(13kg~), 108매",30930.0,기저귀,보솜이,7.0,"보솜이 액션핏팬 팬티형 기저귀 남아용 특대형(11~14kg), 120개입",35980.0
394,기저귀,기저귀,토디앙,4.0,"토디앙 핑크퐁 팬티형 기저귀 남아용 특대형 5단계(13kg~), 108매",30930.0,기저귀,페넬로페,37.0,"페넬로페 씬씬씬 에어슬림 팬티형 기저귀 남아용 특대형 5단계(11~14kg), 88매",35900.0
395,기저귀,기저귀,하기스,2.0,"하기스 2018 보송보송 팬티형 기저귀 아동공용 특대형 5단계(13~18kg), 104매",31900.0,기저귀,하기스,52.0,"하기스 매직핏 리미티드 팬티형 기저귀 아동공용 특대형 5단계(13~18 kg), 80개",27970.0
396,기저귀,기저귀,하기스,2.0,"하기스 2018 보송보송 팬티형 기저귀 아동공용 특대형 5단계(13~18kg), 104매",31900.0,기저귀,베피스,9.0,"베피스 모션 핏 팬티형 기저귀 남여공용 특대형 5단계 (13~18kg), 108매",32900.0
397,기저귀,기저귀,하기스,2.0,"하기스 2018 보송보송 팬티형 기저귀 아동공용 특대형 5단계(13~18kg), 104매",31900.0,기저귀,마미포코,66.0,"마미포코 에어 핏 팬티형 기저귀 남아용 특대형 5단계(13~18kg), 112매",39200.0
398,기저귀,기저귀,하기스,2.0,"하기스 2018 보송보송 팬티형 기저귀 아동공용 특대형 5단계(13~18kg), 104매",31900.0,기저귀,하기스,3.0,"하기스 2018 보송보송 팬티형 기저귀 남여공용 대형 4단계(10~14kg), 124매",31900.0
399,기저귀,기저귀,하기스,2.0,"하기스 2018 보송보송 팬티형 기저귀 아동공용 특대형 5단계(13~18kg), 104매",31900.0,기저귀,하기스,6.0,"하기스 보송보송 밴드형 기저귀 아동공용 중형 3단계(7~11kg), 186매",32900.0
400,기저귀,기저귀,베피스,9.0,"베피스 모션 핏 팬티형 기저귀 남여공용 특대형 5단계 (13~18kg), 108매",32900.0,기저귀,마미포코,66.0,"마미포코 에어 핏 팬티형 기저귀 남아용 특대형 5단계(13~18kg), 112매",39200.0
401,기저귀,기저귀,베피스,9.0,"베피스 모션 핏 팬티형 기저귀 남여공용 특대형 5단계 (13~18kg), 108매",32900.0,기저귀,보솜이,17.0,"보솜이 리얼코튼 밴드형 기저귀 남녀공용 특대형 (13~18kg), 108매",28350.0
402,기저귀,기저귀,베피스,9.0,"베피스 모션 핏 팬티형 기저귀 남여공용 특대형 5단계 (13~18kg), 108매",32900.0,기저귀,토디앙,4.0,"토디앙 핑크퐁 팬티형 기저귀 남아용 특대형 5단계(13kg~), 108매",30930.0
403,기저귀,기저귀,베피스,9.0,"베피스 모션 핏 팬티형 기저귀 남여공용 특대형 5단계 (13~18kg), 108매",32900.0,기저귀,하기스,2.0,"하기스 2018 보송보송 팬티형 기저귀 아동공용 특대형 5단계(13~18kg), 104매",31900.0
404,기저귀,기저귀,베피스,9.0,"베피스 모션 핏 팬티형 기저귀 남여공용 특대형 5단계 (13~18kg), 108매",32900.0,기저귀,네이쳐러브메레,10.0,"네이쳐러브메레 슬림 팬티형 기저귀 남여공용 특대형 (11~14kg), 96매",32220.0
405,기저귀,기저귀,하기스,3.0,"하기스 2018 보송보송 팬티형 기저귀 남여공용 대형 4단계(10~14kg), 124매",31900.0,기저귀,하기스,22.0,"하기스 보송보송 밴드형 기저귀 아동공용 대형 4단계(10~14kg), 156매",33390.0
406,기저귀,기저귀,하기스,3.0,"하기스 2018 보송보송 팬티형 기저귀 남여공용 대형 4단계(10~14kg), 124매",31900.0,기저귀,하기스,25.0,"하기스 매직핏 팬티형 기저귀 남여공용 대형 4단계(10~14 kg), 96매",27630.0
407,기저귀,기저귀,하기스,3.0,"하기스 2018 보송보송 팬티형 기저귀 남여공용 대형 4단계(10~14kg), 124매",31900.0,기저귀,슈퍼대디,54.0,"슈퍼대디 매직슬림 팬티형 기저귀 남여공용 대형 L (7~11kg), 80매",25220.0
408,기저귀,기저귀,하기스,3.0,"하기스 2018 보송보송 팬티형 기저귀 남여공용 대형 4단계(10~14kg), 124매",31900.0,기저귀,하기스,2.0,"하기스 2018 보송보송 팬티형 기저귀 아동공용 특대형 5단계(13~18kg), 104매",31900.0
409,기저귀,기저귀,하기스,3.0,"하기스 2018 보송보송 팬티형 기저귀 남여공용 대형 4단계(10~14kg), 124매",31900.0,기저귀,네이쳐러브메레,10.0,"네이쳐러브메레 슬림 팬티형 기저귀 남여공용 특대형 (11~14kg), 96매",32220.0
410,기저귀,기저귀,군,4.0,"군 슬림 앤 드라이 밴드형 일회용 기저귀 남여공용 특대형(12~20kg), 120매",28600.0,기저귀,군,26.0,"군 슬림 앤 드라이 밴드형 일회용 기저귀 남여공용 특대형(12~20kg), 240매",53480.0
411,기저귀,기저귀,군,4.0,"군 슬림 앤 드라이 밴드형 일회용 기저귀 남여공용 특대형(12~20kg), 120매",28600.0,기저귀,네이쳐러브메레,10.0,"네이쳐러브메레 슬림 팬티형 기저귀 남여공용 특대형 (11~14kg), 96매",32220.0
412,기저귀,기저귀,군,4.0,"군 슬림 앤 드라이 밴드형 일회용 기저귀 남여공용 특대형(12~20kg), 120매",28600.0,기저귀,페넬로페,36.0,"페넬로페 미라클 셔링 팬티형 기저귀 남여공용 L(8~12kg), 120매",39900.0
413,기저귀,기저귀,군,4.0,"군 슬림 앤 드라이 밴드형 일회용 기저귀 남여공용 특대형(12~20kg), 120매",28600.0,기저귀,보솜이,17.0,"보솜이 리얼코튼 밴드형 기저귀 남녀공용 특대형 (13~18kg), 108매",28350.0
414,기저귀,기저귀,군,4.0,"군 슬림 앤 드라이 밴드형 일회용 기저귀 남여공용 특대형(12~20kg), 120매",28600.0,기저귀,보솜이,8.0,"보솜이 리얼코튼 밴드형 기저귀 남녀공용 대형 (10~14kg), 120매",31090.0
415,기저귀,기저귀,하기스,6.0,"하기스 보송보송 밴드형 기저귀 아동공용 중형 3단계(7~11kg), 186매",32900.0,기저귀,하기스,20.0,"하기스 보송보송 밴드형 기저귀 아동공용 소형 2단계(4~8kg), 228매",33390.0
416,기저귀,기저귀,하기스,6.0,"하기스 보송보송 밴드형 기저귀 아동공용 중형 3단계(7~11kg), 186매",32900.0,기저귀,하기스,22.0,"하기스 보송보송 밴드형 기저귀 아동공용 대형 4단계(10~14kg), 156매",33390.0
417,기저귀,기저귀,하기스,6.0,"하기스 보송보송 밴드형 기저귀 아동공용 중형 3단계(7~11kg), 186매",32900.0,기저귀,하기스,52.0,"하기스 매직핏 밴드형 기저귀 아동공용 소형 2단계(4~8kg), 192매",41900.0
418,기저귀,기저귀,하기스,6.0,"하기스 보송보송 밴드형 기저귀 아동공용 중형 3단계(7~11kg), 186매",32900.0,기저귀,마미포코,317.0,"마미포코 리프가닉 팬티형 기저귀 남녀공용 중형 3단계(7~11kg), 120매",46030.0
419,기저귀,기저귀,하기스,6.0,"하기스 보송보송 밴드형 기저귀 아동공용 중형 3단계(7~11kg), 186매",32900.0,기저귀,하기스,2.0,"하기스 2018 보송보송 팬티형 기저귀 아동공용 특대형 5단계(13~18kg), 104매",31900.0
