query,id,query_item_rank,price,impressionCount,clickCount,category,brand,title
군기저귀,95020,1,40860,12014,1876,밴드형,군,"군 오리지널 테이프 밴드형 기저귀 남여공용 S (4-8kg), 252매입"
군기저귀,63324,2,41270,11867,1680,밴드형,군,"군 2018년 오리지널 테이프 밴드형 기저귀 남녀공용 중형 M(6~11kg), 192매입"
군기저귀,17141,3,40880,11995,1266,밴드형,군,"군 오리지널 테이프 밴드형 기저귀 남여공용 대형 L(9~14kg), 162매입"
군기저귀,17160,4,41900,11559,823,팬티형,군,"군 오리지널 팬티형 일회용 기저귀 남아용 XL 12~20kg, 114매"
군기저귀,95001,8,41150,6719,591,밴드형,군,"군 2018년 오리지널 테이프 밴드형 기저귀 남여공용 신생아용(~5kg), 270매입"
군기저귀,63333,5,40900,9659,579,밴드형,군,"군 2018년 오리지널 테이프 기저귀 남여공용 특대형 XL(12~20kg), 126매"
군기저귀,17161,4,41490,8196,500,팬티형,군,"군 오리지널 팬티형 기저귀 여아용 특대형 XL (12~20kg), 114매"
군기저귀,17163,6,41500,7045,374,팬티형,군,"군 오리지널 팬티형 기저귀 여아용 대형(9~14kg), 132매"
군기저귀,17162,7,41470,7320,352,팬티형,군,"군 오리지널 팬티형 기저귀 남아용 L (9~14kg), 132매"
군기저귀,17164,11,40600,4930,266,팬티형,군,"군 오리지널 팬티형 기저귀 남여공용 M(7~12kg), 174매"
군기저귀,17146,14,31190,4488,212,밴드형,군,"군 슬림 앤 드라이 밴드형 기저귀 남녀 공용 M (7~12kg), 152매"
군기저귀,95024,15,31190,3453,181,밴드형,군,"군 슬림앤드라이 밴드형 기저귀 남녀공용 S (4~8kg), 176매"
군기저귀,17149,17,53740,3716,110,밴드형,군,"군 슬림앤드라이 일회용 기저귀 아동공용 L(9~14kg), 256개입"
군기저귀,17114,11,27900,2150,88,팬티형,군,"군 소프트 팬티 점보형 기저귀 남여공용 XXL (15~25kg), 60매"
군기저귀,175734,33,40320,1757,78,팬티형,군,"군 엑셀런트 소프트 팬티형 기저귀 아동공용 XL(12~17kg), 132매입"
군기저귀,17156,19,53760,2516,72,밴드형,군,"군 슬림 앤 드라이 밴드형 기저귀 남녀 공용 M (7~12kg), 304매"
군기저귀,17147,28,27900,2079,72,밴드형,군,"군 슬림앤드라이 밴드형 기저귀 남녀공용 S (4~8kg), 132매"
군기저귀,175703,20,31260,2573,70,팬티형,군,"군 엑셀런트 소프트 팬티형 기저귀 아동공용 L(9~14kg), 104매입"
군기저귀,17168,20,46890,1533,65,팬티형,군,"군 소프트 팬티 점보형 기저귀 남여공용 XXL (15~25kg), 120매"
군기저귀,17153,19,25850,2248,62,밴드형,군,"군 슬림 앤 드라이 밴드형 기저귀 남녀 공용 M (7~12kg), 114매"
군기저귀,63336,20,53480,1724,53,밴드형,군,"군 슬림 앤 드라이 밴드형 일회용 기저귀 남여공용 특대형(12~20kg), 240매"
군기저귀,17152,28,75820,1250,53,밴드형,군,"군프리미엄 2018년형 마시멜로 밴드형 기저귀 남녀공용 특대형 (12~20kg), 180매"
군기저귀,17170,24,25670,1328,52,팬티형,군,"군 엑셀런트 소프트 팬티형 기저귀 아동공용 XL(12~17kg), 66매입"
군기저귀,17151,14,39900,864,39,밴드형,군,"군 프리미엄 2017년 마시멜로 밴드형 기저귀 남녀공용 M (6~11kg), 138매"
군기저귀,17150,25,40900,731,32,밴드형,군,"군프리미엄 2017년 마시멜로 밴드형 기저귀 남녀공용 대형 (9~14kg), 114매"
군기저귀,17172,28,26240,1128,25,팬티형,군,"군 엑셀런트 소프트 팬티형 기저귀 아동공용 L(9~14kg), 78매입"
군기저귀,17173,18,76950,867,22,팬티형,군,"군 팬티형 기저귀 여아용 XXL (13~25kg), 168매"
군기저귀,17167,42,83000,1110,19,팬티형,군,"군 오리지널 팬티형 기저귀 남아용 XXL (13~25kg), 168매"
군기저귀,63310,35,40600,559,12,밴드형,군,"군 2017년 오리지널 밴드형 일회용 기저귀 남여공용 3단계 6-11kg, 192매"
군기저귀,17169,38,91990,472,9,팬티형,군,"군 프리미엄 마시멜로 팬티형 기저귀 아동공용 XL 5단계(12~20 kg), 168매"
군기저귀,63335,49,43450,269,9,밴드형,군,"다이오제지 군 프리미엄 마시멜로 밴드형 기저귀 남녀공용 신생아 (~5kg), 186매"
군기저귀,17174,44,46890,905,9,팬티형,군,"군 엑셀런트 소프트 팬티형 기저귀 아동공용 L(9~14kg), 156매입"
군기저귀,17177,86,39900,215,8,팬티형,군,"군 오리지널 팬티형 기저귀 남녀공용 S(5~9kg), 186매"
군기저귀,17155,45,40900,326,6,밴드형,군,"군 2017년 마시멜로 밴드형 기저귀 남녀공용 소형 (4~8kg), 174매"
군기저귀,17171,82,42210,321,6,팬티형,군,"군 엑셀런트 소프트 팬티형 기저귀 아동공용 M(7~12kg), 192매입"
군기저귀,17175,57,75820,192,6,팬티형,군,"군 프리미엄 마시멜로 팬티형 기저귀 남녀공용 L 4단계(9~14kg), 192매"
군기저귀,17178,81,85850,109,6,팬티형,군,"군 2018년 마시멜로 팬티형 기저귀 남녀공용 XXL(13~25kg), 120매"
군기저귀,17179,88,42000,313,5,팬티형,군,"군 윈터 팬티형 기저귀 여아용 L 4단계(9~14kg), 132매"
군기저귀,17139,136,57460,111,3,출산선물세트,군,"군 신생아용 기저귀 출산선물 세트, 1세트"
군기저귀,17181,99,47630,27,1,팬티형,군,"군 2017년형 썸머 팬티형 기저귀 남아용 L (9~14kg), 132매"
기저귀,182215,2,31900,63920,3535,팬티형,,"하기스 2018 보송보송 팬티형 기저귀 아동공용 특대형 5단계(13~18kg), 104매"
기저귀,182047,3,31900,50214,2293,팬티형,,"하기스 2018 보송보송 팬티형 기저귀 남여공용 대형 4단계(10~14kg), 124매"
기저귀,19347,4,28600,37471,2169,밴드형,,"군 슬림 앤 드라이 밴드형 일회용 기저귀 남여공용 특대형(12~20kg), 120매"
기저귀,66837,17,28350,46430,2116,밴드형,,"보솜이 리얼코튼 밴드형 기저귀 남녀공용 특대형 (13~18kg), 108매"
기저귀,175702,4,30930,42562,1810,팬티형,,"토디앙 핑크퐁 팬티형 기저귀 남아용 특대형 5단계(13kg~), 108매"
기저귀,176008,12,56900,33693,1723,팬티형,,"팸퍼스 베이비 드라이 팬티형 기저귀 남여공용 5단계(11~14kg), 144매"
기저귀,175701,10,32220,32011,1653,팬티형,,"네이쳐러브메레 슬림 팬티형 기저귀 남여공용 특대형 (11~14kg), 96매"
기저귀,182031,6,32900,41359,1496,밴드형,,"하기스 보송보송 밴드형 기저귀 아동공용 중형 3단계(7~11kg), 186매"
기저귀,175713,9,18600,34473,1297,팬티형,,"Alloves 2017년 프리미엄 팬티형 기저귀 남녀공용 XXL (13~17kg), 68매"
기저귀,66835,8,31090,37572,1173,밴드형,,"보솜이 리얼코튼 밴드형 기저귀 남녀공용 대형 (10~14kg), 120매"
기저귀,175705,9,32900,35189,1139,팬티형,,"베피스 모션 핏 팬티형 기저귀 남여공용 특대형 5단계 (13~18kg), 108매"
기저귀,46603,317,46030,33709,1017,팬티형,,"마미포코 리프가닉 팬티형 기저귀 남녀공용 중형 3단계(7~11kg), 120매"
기저귀,175699,7,35980,30239,1008,팬티형,,"보솜이 액션핏팬 팬티형 기저귀 남아용 특대형(11~14kg), 120개입"
기저귀,181994,20,33390,24872,801,밴드형,,"하기스 보송보송 밴드형 기저귀 아동공용 소형 2단계(4~8kg), 228매"
기저귀,175719,17,30650,20818,683,팬티형,,"토디앙 핑크퐁 팬티형 기저귀 여아용 특대형 5단계(13kg~), 108개"
기저귀,19360,24,25800,16288,673,밴드형,,"숨앤숨 올뉴 밴드형 기저귀 남녀공용 L (10~14kg), 대형, 168매"
기저귀,182049,22,33390,25948,665,밴드형,,"하기스 보송보송 밴드형 기저귀 아동공용 대형 4단계(10~14kg), 156매"
기저귀,175714,23,35800,18106,636,팬티형,,"네이쳐러브메레 팬티 기저귀 아동공용 L 대형(8~12kg), 120매입"
기저귀,175704,17,33900,17410,626,팬티형,,"모모래빗 에코씽씽 팬티기저귀 아동용 L 대형 8~12kg, 112매"
기저귀,175707,24,17860,14389,502,팬티형,,"치쿨 슈페리어 팬티형 기저귀 남여공용 XL (10~13kg), 72매"
기저귀,182144,53,17450,6142,502,밴드형,,"하기스 2018년 네이처메이드 밴드형 기저귀 남여공용 이른둥이 소형( ~2.2kg), 150매"
기저귀,176575,17,35900,13326,471,팬티형,,"페넬로페 씬씬씬 에어슬림 팬티형 기저귀 여아용 대형 4단계(8~12kg), 112매"
기저귀,182214,52,27970,13114,421,팬티형,,"하기스 매직핏 리미티드 팬티형 기저귀 아동공용 특대형 5단계(13~18 kg), 80개"
기저귀,175722,44,16270,12662,414,팬티형,,"치쿨 슈페리어 팬티형 기저귀 남여공용 XXL(13kg~), 64매"
기저귀,175698,43,18600,12764,400,팬티형,,"Alloves 2017년 프리미엄 팬티형 기저귀 남녀공용 특대형 (11~14kg), 76매"
기저귀,175959,35,11640,11174,399,팬티형,,"팸퍼스 이지업 트레이닝 기저귀 여아용 Size 4(7-15kg), 25개"
기저귀,175723,21,25900,13616,377,팬티형,,"슈퍼대디 매직슬림 팬티형 기저귀 남여공용 빅형 Big (13kg~), 64매"
기저귀,88403,30,27900,9990,366,팬티형,,"슈퍼대디 매직슬림 팬티형 기저귀 남녀공용 특대 XL (10~14kg), 72매"
기저귀,175696,26,25040,15918,352,팬티형,,"블리스비 2017년 올러브 프리미엄 팬티형 기저귀 남녀공용 점보XXL (13~17kg), 102매"
기저귀,19374,63,25800,9510,351,밴드형,,"숨앤숨 숨쉬는 건강기저귀 테이프형 아동공용 특대형(13kg~), 144매입"
기저귀,176572,37,35900,11965,346,팬티형,,"페넬로페 씬씬씬 에어슬림 팬티형 기저귀 남아용 특대형 5단계(11~14kg), 88매"
기저귀,175982,48,55710,10700,343,밴드형,,"팸퍼스 베이비드라이 밴드형 기저귀 남녀공용 4단계(7~12kg), 180매"
기저귀,19377,103,23800,8697,326,밴드형,,"숨앤숨 WE 밴드형 기저귀 남녀공용 대형 (10~14kg), 160매"
기저귀,181993,52,41900,11582,320,밴드형,,"하기스 매직핏 밴드형 기저귀 아동공용 소형 2단계(4~8kg), 192매"
기저귀,182207,25,27630,7823,290,팬티형,,"하기스 매직핏 팬티형 기저귀 남여공용 대형 4단계(10~14 kg), 96매"
기저귀,63336,26,53480,12030,288,밴드형,,"군 슬림 앤 드라이 밴드형 일회용 기저귀 남여공용 특대형(12~20kg), 240매"
기저귀,88406,54,25220,9353,270,팬티형,,"슈퍼대디 매직슬림 팬티형 기저귀 남여공용 대형 L (7~11kg), 80매"
기저귀,176577,23,35900,8657,264,팬티형,,"페넬로페 씬씬씬 에어슬림 팬티형 기저귀 남아용 대형 4단계(8~12kg), 112매"
기저귀,46637,66,39200,8530,262,팬티형,,"마미포코 에어 핏 팬티형 기저귀 남아용 특대형 5단계(13~18kg), 112매"
기저귀,176498,36,39900,10282,247,팬티형,,"페넬로페 미라클 셔링 팬티형 기저귀 남여공용 L(8~12kg), 120매"
나이키,21559,108,98500,6611,98,운동화,나이키,"나이키 베이퍼플라이 3.4 운동화 880848 004, 혼합 색상, 245"
나이키,21664,10,32840,3667,90,스포츠 바지,나이키,"나이키 유스 드라이 아카데미 KPZ 스포츠 팬츠 839365016, M(60), 검정"
나이키,187216,26,14370,15816,71,헬스장갑,나이키,"나이키 남성용 펀더멘탈 트레이닝 글러브 GX0063-037, 혼합 색상, M(19.5~22cm)"
나이키,21456,187,51000,6274,69,야구화,나이키,"나이키 포스 트라웃 5 프로 MCS 야구화 AH3376 101, 화이트 + 블랙, 290"
나이키,21207,101,22140,5368,60,스포츠 티셔츠/스포츠 맨투맨티/스포츠 후드티,나이키,"나이키 팀세일즈 코어 폴로 티셔츠 S/S 454800100, S(95), 백색 + 검정"
나이키,60987,17,13290,12685,48,헬스보호대,나이키,"나이키 프로 컴뱃 발목 보호대 AC2508-010, 프로 컴뱃 발목 보호대, L(발목둘레 21-23cm)"
나이키,21297,54,15490,2629,46,축구복 바지/하의,나이키,"나이키 PARK 2 니트 쇼트 속팬츠 WB 725903010, L(90), 검정 + 백색"
나이키,21661,146,14560,3142,38,스포츠 바지,나이키,"나이키 여성용 파크 2 니트 쇼트 NB 833053-010, 085(XL), 검정 + 백색"
나이키,53125,77,17770,7916,38,헬스보호대,나이키,"나이키 프로 컴뱃 오픈-파텔라 무릎 보호대 AC2509-010, M"
나이키,21316,194,32000,4135,28,스포츠 레깅스/타이즈,나이키,"나이키 880669 100 나이키 프로 하이스트 슬라이더 숏 타이츠, 75(XS), 화이트 + 블랙"
나이키,178932,81,21990,9939,23,푸쉬업바,나이키,"나이키 푸쉬업 그립 FE0114-085, 혼합 색상, 24 x 14 cm"
나이키,21295,56,183200,729,19,스포츠 바람막이자켓,나이키,"나이키 AS 드라이 스쿼드 17 SDF 스포츠 바람막이자켓 832236010, XS(85), 검정 + 백색"
나이키,21215,563,38500,787,19,스포츠 티셔츠/스포츠 맨투맨티/스포츠 후드티,나이키,"나이키 남성용 롱슬리브 베이스볼 탑 AA9793 013, 95(S), 울프그레이 + 블랙"
나이키,21309,52,29900,728,14,스포츠 바지,나이키,"나이키 남성용 AS 드라이 GFX 1 쇼트 891217036, S(75), 회색 + 검정"
나이키,187219,83,15500,6373,14,헬스장갑,나이키,"나이키 우먼스 펀더멘탈 트레이닝 글러브 GX0071-047, L"
나이키,86993,55,7200,2076,12,수영모,나이키,"나이키 솔리드 라텍스 캡 성인용 수영모 93050_001, ONE SIZE, 블랙"
나이키,21301,49,45510,196,12,스포츠 바지,나이키,"나이키 남성용 AS 드라이 스쿼드 팬츠 KP 18 894648416, 2XL(95), 남색 + 블루"
나이키,21220,402,22670,5172,12,축구보호대/정강이보호대,나이키,"나이키 머큐리얼 신가드 정강히 보호대 SP0269-080, 혼합 색상, L"
나이키,21221,150,9230,2975,11,스포츠 아대/헤어밴드,나이키,"나이키 스우쉬 더블와이드 손목 밴드 AC2287-101, 12.7cm, 혼합 색상"
나이키,156422,266,9450,1915,11,축구양말,나이키,"나이키 클래식 2 쿠션 OTC 싸커 스타킹 SX5728014, 검정 + 연두, L(26호)"
나이키,21678,381,24610,2562,10,축구복 티셔츠/상의,나이키,"나이키 645497739 새시 저지 S/S 축구복 티셔츠, XS(90), 노랑 + 검정"
나이키,21539,595,116330,1052,8,런닝화,나이키,"나이키 우먼스 에어 맥스 엑셀레이트 5 런닝화 852693006, 그레이, 230"
나이키,156379,261,11540,1818,8,축구공,나이키,"나이키 PL 축구 스킬볼 SC3113-100, 1호(지름 15cm)"
나이키,21365,315,7480,3333,8,스포츠 양말,나이키,"나이키 우먼스 엘리트 런닝 쿠션 양말 SX4557604, M(24호), 핑크 + 회색"
나이키,21546,51,200000,1006,8,운동화,나이키,"나이키 플라이트 13 미드 여성 운동화 616298 101, 흰색, 240"
나이키,21243,440,18560,1025,7,스포츠 크로스백,나이키,"나이키 테크 스몰 아이템 크로스백 BA5268-45I, 23cm x 16cm x 8m, 네이비"
나이키,85919,520,14930,1652,6,수경/물안경,나이키,"나이키 크롬 트레이닝 성인용 수경 N79151_000, ONE SIZE, 클리어"
나이키,21230,478,36780,501,6,스포츠 물병,나이키,"나이키 스테인레스 하이퍼차지 트위스트 보틀 16oz AC4245068, 검정"
나이키,29596,373,31290,1619,6,농구공,나이키,나이키 르브론 올코트 농구공 7호 BB0625-855
나이키,24968,514,34250,938,6,스포츠 바지,나이키,"나이키 880674 010 BSBL DRY 쇼트 반바지, 80(S), 블랙"
나이키,21233,175,103490,786,6,실내 원피스 수영복,나이키,"나이키 여성용 러쉬 헤더 하이넥 원피스 수영복, M, 멘타"
나이키,21234,353,56500,242,5,축구 프로팀 유니폼,나이키,"나이키 바르셀로나 17-18 어웨이 스타디움 저지 SS 847254485, XL(110), POLARIZED BLUE + DEEP ROYAL BLUE"
나이키,156431,354,8830,1608,5,축구양말,나이키,"나이키 클래식 II 쿠션 OTC 싸커 스타킹 SX5728411, MIDNIGHT NAVY, L(26호)"
나이키,187228,175,23730,2032,5,헬스장갑,나이키,"나이키 남성용 락다운 트레이닝 글러브 AC2354-050, 혼합 색상, M"
나이키,21300,48,14480,860,5,스포츠 바지,나이키,"나이키 여성용 드라이 PARK 2 니트 쇼트 NB 스포츠 바지 833053410, L(80), 남색 + 백색"
나이키,141984,333,14160,1580,4,스포츠 장갑,나이키,"나이키 우먼스 스위프트 런닝 글러브 FC 0187-022, 혼합 색상, LG(17.5 x 9 cm)"
나이키,21239,534,18560,1154,4,골프 방한용품/워머/귀마개,나이키,"나이키골프 겨울 넥 게이터 워머 686057, 25 x 39.5 cm, 그레이"
나이키,50572,549,19720,346,4,남녀공용크로스/메신저백,나이키,나이키코리아 나이키 테크 스몰 아이템 - BA5268-693 크로스가방
나이키,21540,453,68760,1061,4,런닝화,나이키,"나이키 우먼스 프리 TR 7 런닝화 904651102, 혼합 색상, 235"
나이키,21242,55,27540,702,3,스포츠 티셔츠/스포츠 맨투맨티/스포츠 후드티,나이키,"나이키 남성용 스트라이프 드라이 세그멘트 III 저지 SS 832976658, S(95), 적색 + 백색"
냉장고,27047,1,990000,28405,2787,2도어,,삼성전자 양문형 냉장고 RS82M6000S8 815L
냉장고,84406,8,159000,24755,1320,2도어,,"하이얼 냉장고 85L 블랙, HRT88MDB"
냉장고,84404,9,148000,20174,613,2도어,,"미디어 미니 냉장고 87L 자가설치, MR-87LS"
냉장고,84413,59,115650,14458,380,1도어,,"미디어 냉장고 MR-93LW1 93L 자가설치,"
냉장고,84411,28,138930,11622,251,2도어,,"하이얼 실속형 냉장고 85 L 화이트 자가설치, HRT88MDW"
냉장고,84425,48,278000,5132,220,2도어,,삼성전자 일반 냉장고 RT17N1000WW 160L 방문설치
냉장고,84407,39,158000,10865,205,2도어,,"캐리어 클라윈드 슬림형 냉장고 90L 자가설치, CRF-TD090WDA"
냉장고,27054,39,579450,9500,201,2도어,,"삼성전자 일반 냉장고 RT38K5039WW 381 L 방문설치,"
냉장고,27055,104,789000,5956,155,2도어,,"삼성전자 일반냉장고 RB38J7200S4 401L 방문설치,"
냉장고,84418,179,206710,5407,104,1도어,,"클라쎄 미니 인테리어 냉장고 118 L 자가설치, FR-A121RMB"
냉장고,84409,116,88000,3910,75,1도어,,"미디어 미니 냉장고 MR-50L 45L 자가설치, MR-50LW"
냉장고,84412,87,171770,5387,61,2도어,,"캐리어 클라윈드 슬림형 냉장고 90L 자가설치, CRF-TD090MDA"
냉장고,84408,78,106480,3188,60,1도어,,"하이얼 소형 냉장고 76L 자가설치, HRT78MDW"
냉장고,84421,193,94490,3486,59,1도어,,"하이얼 실속형 냉장고 46L 블랙, HRT48MDB"
냉장고,84405,156,91520,3009,46,1도어,,"미디어 미니 냉장고 MR-50L 45L 자가설치, MR-50LB"
냉장고,148755,57,28800,2303,44,주방놀이,,"스텝2 Little Helper's 냉장고 주방놀이, 단일 색상, 30 x 34 x 65 cm"
냉장고,84426,153,120150,4129,42,1도어,,"미디어 1도어 냉장고 93L 자가설치, MR-93LS1"
냉장고,84417,156,108290,4806,39,1도어,,"프라우드 소형냉장고 화이트 43L 자가설치, RR043AW"
냉장고,84410,137,149000,2622,35,1도어,,"캐리어 슬림형 냉장고 92L 자가설치, CRF-TD092RSA"
냉장고,84419,196,148720,2843,30,1도어,,"대우전자 미니 냉장고 퓨어화이트 73 L 자가설치, FR-A081RDWK"
냉장고,84414,172,89900,2025,24,1도어,,"미디어 미니 냉장고 MR-50L 45L 자가설치, MR-50LS"
냉장고,27068,55,27240,978,20,차량용냉온장고,,"코맥스 차량용 냉온장고 6L, CM-890"
냉장고,84424,535,263110,1389,18,1도어,,"대우전자 더클래식 레트로 냉장고 79L 자가설치, FR-S091RAM(아쿠아민트)"
냉장고,84420,197,215000,1148,17,1도어,,"허스키 미니 냉장고 42.9L 자가설치, BC-46-1"
냉장고,84432,197,199900,1022,16,1도어,,"레트로 인테리어 냉장고 43.7L 자가설치, DGR-811W(화이트)"
냉장고,27072,91,2040390,679,13,4도어,,삼성전자 T9000 양문형 냉장고 RF85M91627X 853L 방문설치
냉장고,149172,152,8300,2514,12,정리수납함/트레이,,"창신리빙 냉장고 서랍 에그 트레이 B형, 투명, 165 x 415 x 143 mm"
냉장고,84416,181,88110,1022,12,1도어,,"캐리어 클라윈드 슬림형 냉장고 46L, CRF-TD046BSA"
냉장고,84427,186,136140,1688,11,1도어,,"대우전자 미니 냉장고 46 L 자가설치, FR-A051RDW"
냉장고,27076,104,32550,421,9,주방놀이,,"노벨랜드 Green Toy 냉장고 주방놀이, 혼합색상"
냉장고,91077,158,8400,1793,9,냉장고물병,,"리빙쉐프 풀 스테인레스 냉장고용 물병, 혼합색상, 2L"
냉장고,141999,113,24480,1283,6,주방놀이,,"뽀로로 얼음이 나오는 아기 냉장고, 혼합색상, 16.5 x 9 x 25.5 cm"
냉장고,84440,196,251100,1058,6,미니냉장고,,"허스키 미니 냉장고 45.8L 자가설치, BC-46R-1(블랙)"
냉장고,84437,185,252790,1089,5,쇼케이스,,"윈텍 다용도 미니 쇼케이스 냉장고 화이트 자가설치, XC-25D"
냉장고,84429,185,247680,1443,5,쇼케이스,,"윈텍 다용도 미니 쇼케이스 냉장고 자가설치, BD-36R"
냉장고,84433,216,126680,721,5,화장품용,,"벨류텍 차량용 겸용 화장품 냉온장고 15리터, VR-015L-D(화이트)"
냉장고,27083,199,756980,331,5,스탠드형 1도어,,삼성전자 모듈형 김치냉장고 RQ28M6102S8 280L 방문설치
냉장고,27143,161,6230,1823,4,정리수납함/트레이,,"리벤스 칸칸 냉장고 정리수납 트레이 낮은형 대, 단일 색상, 235 x 435 x 128 mm"
냉장고,27085,175,340280,1552,4,화장품용,,"미쉘 화장품 냉장고 25L, AT-0158ST"
냉장고,27086,182,352060,1361,4,화장품용,,"미쉘 아맥스 화장품 냉장고 25L, AT-0161SL(메탈실버)"
뉴발란스,128188,5,49500,2159,56,운동화,뉴발란스,"뉴발란스 MRL247LK 스니커즈, 블랙,220"
뉴발란스,30013,12,56220,1933,53,운동화,뉴발란스,"뉴발란스 ML878GA 스니커즈, 그레이, 220"
뉴발란스,30015,8,64500,1339,44,운동화,뉴발란스,"뉴발란스WL999TB운동화, 혼합색상, 220"
뉴발란스,128198,14,36000,2014,41,운동화,뉴발란스,"뉴발란스 U520AI 스니커즈, 그린, 230"
뉴발란스,128205,56,49500,1351,39,운동화,뉴발란스,"뉴발란스 MS574SCN 스니커즈, 화이트, 220"
뉴발란스,30006,50,49500,1861,35,운동화,뉴발란스,"뉴발란스 MRL247NR 스니커즈, 네이비, 220"
뉴발란스,128197,5,64500,523,31,운동화,뉴발란스,"뉴발란스WL999WM운동화, 혼합 색상, 220"
뉴발란스,30000,1,49800,591,25,운동화,뉴발란스,"뉴발란스 스니커즈 U520AJ, 블랙, 220"
뉴발란스,29957,61,65560,1000,25,운동화,뉴발란스,"뉴발란스 여성용 1600 운동화 CM1600EG, 혼합 색상, 220"
뉴발란스,133880,65,27110,1379,23,공용 운동화,뉴발란스,"뉴발란스 KVRUSB1I 키즈운동화, 블랙, 130"
뉴발란스,168023,62,27640,2123,22,운동화,뉴발란스,"뉴발란스 FS996CII 키즈운동화, free,110"
뉴발란스,128203,7,41040,923,21,운동화,뉴발란스,"뉴발란스 WCOASBK3 운동화, 블랙, 220"
뉴발란스,30019,66,62790,1250,21,운동화,뉴발란스,"뉴발란스 MS574SMT 스니커즈, 민트, 220"
뉴발란스,30020,487,54500,471,17,운동화,뉴발란스,"뉴발란스 U520AD 스니커즈, 화이트,220"
뉴발란스,128187,482,34320,407,17,운동화,뉴발란스,"뉴발란스 247 운동화 MRL247BG, 혼합 색상, 220"
뉴발란스,41984,483,49500,503,17,운동화,뉴발란스,"뉴발란스 MRL247LW 스니커즈, 화이트,220"
뉴발란스,30014,12,54500,466,16,운동화,뉴발란스,"뉴발란스 MRT580XH운동화, 혼합 색상, 220"
뉴발란스,128210,484,49500,390,15,운동화,뉴발란스,"뉴발란스 운동화 ML878GB, 블랙, 220"
뉴발란스,88877,49,43900,536,14,남녀공용스니커즈,뉴발란스,"뉴발란스 CRT300MD 스니커즈, 베이지,220"
뉴발란스,128182,54,49500,1111,13,운동화,뉴발란스,"뉴발란스 MRL247WR 스니커즈, 화이트, 220"
뉴발란스,30008,488,54500,378,13,운동화,뉴발란스,"뉴발란스 MS574BM 스니커즈, 카키, 230"
뉴발란스,88885,549,43900,244,12,남녀공용스니커즈,뉴발란스,"뉴발란스 CRT300MN 스니커즈, BLACK, 220"
뉴발란스,30007,505,50140,334,10,운동화,뉴발란스,"뉴발란스 MS574SCO 스니커즈, 블랙, 220"
뉴발란스,116602,518,41040,256,7,운동화,뉴발란스,"뉴발란스 WCOASWT3 운동화, 화이트, 220"
뉴발란스,41989,530,49500,227,6,런닝화,뉴발란스,"뉴발란스 U520BD 스니커즈,220"
뉴발란스,29974,486,46420,322,5,운동화,뉴발란스,"뉴발란스 MRL247GR 스니커즈, 블랙, 220"
뉴발란스,30047,478,53400,250,5,스포츠 바지,뉴발란스,"뉴발란스 여성용 트레이닝긴바지 NBML7B6142-15 그레이 80 L, 80(L), NBML7B6142-15(그레이)"
뉴발란스,41993,517,35500,259,5,운동화,뉴발란스,"뉴발란스 MCOASWT3 운동화, 화이트,250"
뉴발란스,88905,604,43900,216,5,남녀공용스니커즈,뉴발란스,"뉴발란스 CRT300ME 스니커즈, 그레이,230"
뉴발란스,30018,563,49500,181,5,운동화,뉴발란스,"뉴발란스 여성용 러닝화 WZANTBK3, 혼합 색상, 220"
뉴발란스,95868,499,12690,342,4,스포츠 공용 슈즈백/신발가방,뉴발란스,"뉴발란스 짐 백 NBGC8SA415-21 TM17, 가로 32.5cm x 세로 44cm, 레드 + 블랙"
뉴발란스,41992,522,49500,236,4,런닝화,뉴발란스,"뉴발란스 WL520AG 스니커즈,220"
뉴발란스,30016,500,59500,412,4,운동화,뉴발란스,"뉴발란스 MRL247NO 스니커즈, 카키,220"
뉴발란스,30026,507,49500,312,4,운동화,뉴발란스,"뉴발란스 운동화 MS574SBG, 그레이, 220"
뉴발란스,30025,489,69500,362,4,운동화,뉴발란스,"뉴발란스 MRL247VE 스니커즈, 블랙, 220"
뉴발란스,120306,541,26010,439,4,여아 운동화,뉴발란스,"뉴발란스 KV580KPI 키즈운동화,130"
뉴발란스,118592,556,44500,217,4,런닝화,뉴발란스,"뉴발란스WCRUZBK운동화, 혼합 색상, 220"
뉴발란스,30046,564,23300,182,4,여아 캔버스/스니커즈,뉴발란스,"뉴발란스 KVCRTPWI 키즈운동화, 핑크,130"
뉴발란스,116603,538,41040,237,3,운동화,뉴발란스,"뉴발란스 WCOASSL3 운동화, 그레이,220"
뉴발란스,187149,478,69200,253,3,스포츠 레깅스/타이즈,뉴발란스,[배드민턴마켓] 뉴발란스/NBNS7B6312-19/요가/필라테스/헬스복/여성테크핏롱타이즈/레깅스/스포츠의류 NBNS7B6312-19(블랙) 80(L)
런닝화,128390,1,15630,11616,1361,남녀공용패션운동화,,"SNRD 스니커즈 런닝화 SN192, 블랙, 225"
런닝화,128177,2,9210,12543,814,운동화,,"슬레진저 스킬 스타일리쉬 스니커즈 SL-252, 레드, 230"
런닝화,191035,11,58650,7471,163,런닝화,,"휠라 볼란테 98 스웨이드 런닝화 FS1HTA3064X, GRY, 220"
런닝화,118592,18,44500,5534,154,런닝화,,"뉴발란스WCRUZBK운동화, 혼합 색상, 220"
런닝화,116602,103,41040,1960,149,운동화,,"뉴발란스 WCOASWT3 운동화, 화이트, 220"
런닝화,191032,17,62100,6333,117,런닝화,,"휠라 보비어소러스 99 런닝화 FS1HTA3051X, WNR, 230"
런닝화,116601,68,48950,2372,109,런닝화,,"[리복Reebok] 남여 클래식 조쿠러너 울트라니트 런닝화/운동화 - BS6306, (공용)BS6306_화이트/230, free"
런닝화,177114,69,27810,2324,102,운동화,,"페이퍼플레인 운동화 PP1447, 화이트, 255"
런닝화,191033,22,62100,4306,101,런닝화,,"휠라 보비어소러스 99 런닝화 FS1HTA3052X, WGY, 230"
런닝화,41976,44,59120,3616,99,런닝화,,"뉴발란스 남성용 러닝화 MCOASBK2, 혼합 색상, 250"
런닝화,128203,38,41040,1771,77,운동화,,"뉴발란스 WCOASBK3 운동화, 블랙, 220"
런닝화,128179,93,11480,1526,73,운동화,,"슬레진저 셀릭 운동화 SL-181, 블랙, 230"
런닝화,41979,42,12900,2268,73,운동화,,"슬레진저 에어 메쉬 운동화 SL-770 레틱, 블루, 230"
런닝화,116612,104,15900,2565,72,런닝화,,"슈킹 여성용 니트 운동화 3885, 화이트, 235"
런닝화,128191,217,42500,1463,70,런닝화,,"뉴발란스 MRL247BR 스니커즈, 블랙, 220"
런닝화,116618,45,34800,4006,69,런닝화,,"페이퍼플레인 남녀공용 PP1404 런닝화, 블랙, 290"
런닝화,44871,52,57240,2920,67,런닝화,,"리복 펌프 수프림 런닝화 BS9513, BLACK + WHITE, 235"
런닝화,41984,126,49500,1938,65,운동화,,"뉴발란스 MRL247LW 스니커즈, 화이트,220"
런닝화,41985,6,9900,1375,61,남녀공용패션운동화,,"슈퍼카미트 남녀공용 SHOEKING 에어 조킹화 런닝화 운동화 37, 퍼플, 230"
런닝화,178905,137,12000,2169,60,운동화,,"슬레진저 리코 운동화 SL-282, 레드, 230"
런닝화,44863,58,79000,2516,50,런닝화,,"리복 펌프 슈프림 엔진 런닝화 CN2189, (공용)CN2189_블랙, 240"
런닝화,177115,140,31530,2206,49,런닝화,,"페이퍼플레인 런닝화 PP1101, 블랙, 250, 블랙, 250"
런닝화,41989,23,49500,4797,46,런닝화,,"뉴발란스 U520BD 스니커즈,220"
런닝화,128419,64,34620,2440,45,런닝화,,"모굴 재규어101 원터치 다이얼 경량화, 블루, 275"
런닝화,116619,6,39260,372,37,런닝화,,"아디다스 남녀공용 튜블라 쉐도우 런닝화 CQ0928, WHITE, 235"
런닝화,41992,20,49500,5131,36,런닝화,,"뉴발란스 WL520AG 스니커즈,220"
런닝화,41993,183,35500,946,33,운동화,,"뉴발란스 MCOASWT3 운동화, 화이트,250"
런닝화,41994,77,25100,2662,31,런닝화,,"[로또스포츠] MIRAGGI-3 하이테크 워킹화 / LAAM-FPR21_BK BK 245, BK"
런닝화,128187,131,34320,842,27,운동화,,"뉴발란스 247 운동화 MRL247BG, 혼합 색상, 220"
런닝화,41996,159,52420,1357,25,런닝화,,"프로월드컵 엑셀 런닝화 운동화, 블랙, 250"
런닝화,41997,125,28360,1990,24,런닝화,,"프로월드컵 메가스피드 런닝화(GR) 운동화, 그레이, 235"
런닝화,41998,72,44000,2698,20,런닝화,,"프로월드컵 스트레인지 런닝화 P317-A207-1NV, 네이비, 240"
런닝화,44869,259,41150,4453,20,런닝화,,"리복 조쿠울트라니트 나잇앤데이 런닝화 BS8247, PINK, 220"
런닝화,42000,168,6870,353,18,남성슬립온,,"슈퍼카미트 남성용 SHOEKING 패션 워킹화 17001, 블랙, 265"
런닝화,44856,150,67900,1047,16,런닝화,,"리복 펌프 이자르 런닝화 BS5931, BLACK, 230"
런닝화,128402,295,34620,3201,16,런닝화,,"모굴 재규어101 원터치다이얼 워킹화, 블루, 230"
런닝화,44859,153,49500,975,16,런닝화,,"리복 클럽씨85 아이코닉테이핑 런닝화, 베이지 + 화이트, 225"
런닝화,42004,88,38680,1517,13,런닝화,,"갓슈 퍼더 커플 스니커즈 런닝화 K-8000, 네이비, 225"
런닝화,116609,119,39900,1009,13,런닝화,,"프로월드컵 여성용 헤나 런닝화, 그레이, 245"
런닝화,42006,97,34180,1341,13,런닝화,,"로또 남성용 CELATO 고퀄리티 워킹 런닝화 LSAL-FPR94, 화이트, 265"
분유,108973,2,50700,14010,1218,원통형분유,,"앱솔루트 엄마가 만든 프리미엄 명작 분유 3단계, 800g, 3개"
분유,108995,3,16900,12646,584,원통형분유,,"앱솔루트 엄마가 만든 프리미엄 명작 분유 4단계, 800g"
분유,108944,9,20700,13149,527,원통형분유,,"앱솔루트 프리미엄 명작 분유 1단계, 800g"
분유,129921,10,29000,12117,427,원통형분유,,"앱솔루트 자연의 선물 유기농 궁 분유 1단계, 800g"
분유,107490,13,27900,9585,389,원통형분유,,"압타밀 프로누트라 플러스 분유 1단계, 800g"
분유,108945,8,62100,10676,297,원통형분유,,"앱솔루트 프리미엄 명작 분유 1단계, 800g, 3개"
분유,69315,9,11000,9327,294,원통형분유,,"앱솔루트 시작부터 바르게 본 분유 3단계 750g,"
분유,108962,10,62100,10344,281,원통형분유,,"앱솔루트 프리미엄 명작 분유 2단계, 800g, 3개"
분유,174105,16,21000,7562,272,원통형분유,,"파스퇴르 프리미엄 뉴위드맘 분유 1단계, 750g, 1캔"
분유,69318,12,31510,9283,266,원통형분유,,"앱솔루트 시작부터 바르게 본 분유 2단계, 750g, 3개"
분유,108974,6,16900,9868,249,원통형분유,,"앱솔루트 엄마가 만든 프리미엄 명작 분유 3단계, 800g"
분유,108989,7,50700,9108,222,원통형분유,,"앱솔루트 엄마가 만든 프리미엄 명작 분유 4단계, 800g, 3개"
분유,108993,15,10370,8713,170,원통형분유,,"앱솔루트 엄마가 만든 프리미엄 분유 4단계, 400g, 1개"
분유,98646,31,27550,4795,168,원통형분유,,"노발락 분유 1단계, 800g"
분유,108963,16,21800,8237,134,원통형분유,,"앱솔루트 프리미엄 명작 분유  2단계, 800g"
분유,103627,23,81900,5915,132,원통형분유,,"남양유업 아이엠마더 분유 3단계, 800g, 3캔"
분유,108398,249,31940,7998,126,액상분유,,"베비언스 수페리어 액상분유 3단계 240ml, 24개입, 1박스"
분유,103606,22,28900,4879,120,원통형분유,,"아이엠마더 분유 1단계, 800g"
분유,129924,11,87000,6901,110,원통형분유,,"앱솔루트 자연의 선물 유기농 궁 분유 1단계, 800g, 3개"
분유,138901,31,22900,2550,104,원통형분유(산양),,"일동후디스 산양 하이키드 골드, 700g, 1캔"
분유,129584,16,63000,5240,101,원통형분유,,"파스퇴르 프리미엄 뉴위드맘 분유 1단계, 750g, 3캔"
분유,108976,18,101400,5937,94,원통형분유,,"앱솔루트 엄마가 만든 프리미엄 명작 분유 3단계, 800g, 6개"
분유,69331,18,31860,6601,94,원통형분유,,"앱솔루트 시작부터 바르게 본 분유 3단계 750g, 3개"
분유,138900,20,43800,2743,90,원통형분유(산양),,"일동후디스 프리미엄 산양분유 1단계, 800g"
분유,69333,19,31960,4349,83,원통형분유,,"남양유업 아기사랑 수 어드밴스 분유 4단계, 3캔"
분유,98636,21,34470,4943,81,원통형분유,,"앱솔루트 오리지널 본 분유 1단계, 750g, 3개"
분유,109000,37,19150,3379,75,원통형분유,,"앱솔루트 현명한 엄마의 센서티브 분유 1단계, 450g"
분유,103190,57,15890,2656,73,NULL,,"아이배냇  순 산양 분유 1단계, 400g"
분유,108948,14,124200,5779,66,원통형분유,,"앱솔루트 프리미엄 명작 분유 1단계, 800g, 6개"
분유,107492,89,83700,4026,64,원통형분유,,"압타밀 프로누트라 플러스 분유 1단계, 800g, 3개"
분유,69339,34,12650,3823,63,원통형분유,,"남양유업 아기사랑 수 어드밴스 분유 4단계, 1캔"
분유,69340,44,11000,4223,58,원통형분유,,"앱솔루트 시작부터 바르게 본 분유 2단계, 750g"
분유,140054,46,16800,1882,56,원통형분유,,"임페리얼드림XO 애프터 포뮬러 분유 5단계, 800g"
분유,69342,76,12000,3054,55,원통형분유,,"아기사랑수 어드밴스 분유 1단계, 750g, 1캔"
분유,103628,30,27300,3964,54,원통형분유,,"남양유업 아이엠마더 분유 3단계, 800g, 1캔"
분유,129925,40,28000,4713,53,원통형분유,,"앱솔루트 유기농 궁 분유 4단계, 800g"
분유,172808,59,80500,2829,52,원통형분유,,"트루맘 슈퍼프리미엄 분유 2단계, 3캔"
분유,172834,33,61800,2050,52,원통형분유,,"트루맘 프리미엄 후레쉬 분유 3단계, 800g, 3캔"
분유,179307,53,116000,2286,51,원통형분유,,"퓨어락 뉴질랜드 청정 프리미엄 분유 3단계, 800g, 3개"
분유,109009,69,54950,2169,49,원통형분유,,"앱솔루트 현명한 엄마의 센서티브 분유 1단계, 450g, 3개"
아디다스,101113,13,81660,8131,269,스포츠 상하의 세트,아디다스,"아디다스 크루넥 사우나슈트 상하의 세트, 90, 블랙"
아디다스,101668,10,26460,7677,111,스포츠 백팩,아디다스,"아디다스 티로 백팩 S98393, FREE, 검정 + 다크그레이 + 백색"
아디다스,108815,23,69520,6115,98,스포츠 트랙탑/후드집업,아디다스,"아디다스 남성용 레알 앤섬 스쿼드 후드집업 BR5119, 95, 검정 + 청록"
아디다스,101675,47,23080,5961,97,스포츠 티셔츠/스포츠 맨투맨티/스포츠 후드티,아디다스,"아디다스 남성용 어번 리버시블 져지 반팔 티셔츠 AP1242, 95, 블랙 + 레드"
아디다스,101117,66,136790,4389,67,스포츠 상하의 세트,아디다스,"아디다스 후드집업 사우나슈트 ADISS04MA, 95(M), 블랙"
아디다스,101681,55,30250,3604,47,스포츠 티셔츠/스포츠 맨투맨티/스포츠 후드티,아디다스,"아디다스 남성용 탱고 퓨쳐 저지 BL SET 후드 긴팔 티셔츠 B47658, 95, 검정 + 적색 + 백색"
아디다스,101119,70,60780,3959,45,스포츠 트랙탑/후드집업,아디다스,"아디다스 여성용 ZEN 라이트 커버 업 자켓 BR9466, 90"
아디다스,141948,55,17430,4640,38,스포츠 장갑,아디다스,"아디다스 클라이마웜 장갑 DM4410, 검정 + 실버, M"
아디다스,101667,51,74900,2028,38,운동화,아디다스,"아디다스 이큅먼트 레이싱ADV CQ2243, BLACK, 220"
아디다스,101468,37,10240,5359,36,스포츠 양말,아디다스,"아디다스 2018 PER An T 양말 3p 세트 AA2320, 24/26호, 화이트"
아디다스,101123,40,41280,2291,26,스포츠 트랙탑/후드집업,아디다스,"아디다스 CD8841 워크아웃 라이트 풀집 L/S, 90, 회색"
아디다스,101214,85,32030,3052,21,스포츠 레깅스/타이즈,아디다스,"아디다스 여성용 알파스킨 스포츠 롱 타이즈 CF6554, 2XS, 검정"
아디다스,101329,77,50500,428,20,스포츠 바람막이자켓,아디다스,"아디다스 남성용 수퍼노바 스톰 자켓 BQ7723, 95, 검정"
아디다스,101126,84,6700,3850,20,스포츠 아대/헤어밴드,아디다스,"아디다스 테니스 손목밴드 CF6278, L, 블랙"
아디다스,101127,34,20540,3234,19,스포츠 티셔츠/스포츠 맨투맨티/스포츠 후드티,아디다스,"아디다스 커뮤니티 복싱티셔츠(ADICTB CA) 그린-화이트 스포츠 티셔츠/스포츠 맨투맨티/스포츠 후드티, 사이즈:95[M], 상세 설명 참조"
아디다스,101311,78,68120,937,17,스포츠 트랙탑/후드집업,아디다스,"아디다스 워크아웃 클라이마웜 풀집 CE3579, CE3579(블루), 100"
아디다스,101807,45,76000,1347,15,스포츠 트랙탑/후드집업,아디다스,"아디다스 남성용 바이에른 뮌헨 UCL 프리젠테이션 자켓 BS4887, 95, CRYWHT + CINDER"
아디다스,126136,87,39110,3134,15,요가매트,아디다스,"아디다스 휘트니스 요가매트, 그레이, 183cm x 61cm x 1cm"
아디다스,172631,67,14090,3604,11,스포츠 바지,아디다스,"아디다스 콘 16 쇼트 WB 속팬츠 AJ1371, 백색 + 적색, 90"
아디다스,156378,88,11600,2589,10,풋살공/스킬볼,아디다스,"아디다스 2018 러시아월드컵 미니 스킬볼, CW4690, 15 cm"
아디다스,141955,107,16950,2115,10,스포츠 장갑,아디다스,"아디다스 퍼포먼스 글러브 CY6802, 검정, M"
아디다스,101220,58,17200,447,10,스포츠 바지,아디다스,"아디다스 여성용 M10 쇼츠 AX5947 블루그린 95, 04M, 그린"
아디다스,101135,23,54000,1249,10,스포츠 트랙탑/후드집업,아디다스,"아디다스 여성용 우먼스 스타디움 후디 BP7066 후드집업, 80, 검정"
아디다스,101469,303,10110,1455,9,스포츠 양말,아디다스,"아디다스 2018 PER An HC 양말 3p 세트 AA2287, 24/26호(260~275mm), 화이트, 블랙, 그레이"
아디다스,101137,80,51600,333,8,플리스집업 자켓,아디다스,"아디다스 남성용 FAINN 니트 기모 자켓 BG9064, 95, 남색"
아디다스,156419,165,7410,812,7,축구양말,아디다스,"아디다스 산토스 2018 축구양말, 블랙(CV3588), 28/30호"
아디다스,101320,79,85360,383,7,스포츠 바람막이자켓,아디다스,"아디다스 남성용 콘디보 16 스타디움 자켓 AB3150, 100, 남색 + 블루"
아디다스,101323,67,47710,417,7,스포츠 바람막이자켓,아디다스,"아디다스 남성용 탱고 코치 자켓 BR1514, 95, 카키 + 솔라오렌지"
아디다스,101141,79,26530,3126,7,스포츠 바지,아디다스,"아디다스 복싱복 하의(ADIBTS01) 블루 스포츠 바지, 사이즈:180L[L~XXL], 상세 설명 참조"
아디다스,101672,65,39550,2257,7,스포츠 티셔츠/스포츠 맨투맨티/스포츠 후드티,아디다스,"아디다스 남성용 탱고 퓨쳐 저지 BL SET B47657, 95, 회색 + 검정"
아디다스,101471,116,12320,1232,7,골프양말,아디다스,"아디다스골프 남녀공용 멀티 앵클 스포츠양말 3족 세트, 랜덤 발송, 250~270mm"
아디다스,101216,93,25600,2651,7,스포츠 레깅스/타이즈,아디다스,"아디다스 여성용 테크핏 클라이마웜 롱 타이즈 BR7946, 85, 검정 + 회색"
아디다스,101673,260,13500,622,6,헬스보호대,아디다스,"아디다스 길이조절 손목 보호대, 블랙, 490 x 60 x 2 mm"
아디다스,101230,90,65860,2686,6,스포츠 레깅스/타이즈,아디다스,"아디다스 남성용 알파스킨 360 롱타이츠 CD7137 블루 115, CD7137(블루)"
아디다스,101223,97,25960,2499,6,스포츠 레깅스/타이즈,아디다스,"아디다스 여성용 알파스킨 스포츠 3/4 타이즈 CF6557, 2XS, 회색 + 검정"
아디다스,156417,206,7410,445,6,축구양말,아디다스,"아디다스 산토스 2018 축구양말, 화이트(CV8094), 28/30호"
아디다스,101149,54,17800,464,5,스포츠 티셔츠/스포츠 맨투맨티/스포츠 후드티,아디다스,"아디다스 여성용 클라이마칠 폴로 반팔 티셔츠 BJ9565 그린 90, BJ9565(그린)"
아디다스,101224,101,25200,1756,5,스포츠 레깅스/타이즈,아디다스,"아디다스 여성용 D2M 쇼트 타이츠 BQ2258, 85호(XS), 검정"
아디다스,101357,68,22980,400,5,스포츠 바지,아디다스,"아디다스 남성용 아디제로 쇼츠 AO3468 다크그레이 105, AO3468/105"
아디다스,101152,42,20020,311,5,복싱복/복싱 팬츠,아디다스,"아디다스 커뮤니티 복싱 티셔츠 ADICTB CA, 화이트 + 블루, 95(M)"
압타밀,107490,1,27900,10772,2498,원통형분유,압타밀,"압타밀 프로누트라 플러스 분유 1단계, 800g"
압타밀,107491,2,27900,10364,673,원통형분유,압타밀,"압타밀 프로누트라 플러스 분유 2단계, 800g"
압타밀,107492,5,83700,6616,406,원통형분유,압타밀,"압타밀 프로누트라 플러스 분유 1단계, 800g, 3개"
압타밀,107493,9,27900,4305,165,원통형분유,압타밀,"압타밀 프로누트라 분유 3단계, 800g"
압타밀,107494,11,83700,4289,123,원통형분유,압타밀,"압타밀 프로누트라 플러스 분유 2단계, 800g, 3개"
압타밀,107495,28,83700,1168,18,원통형분유,압타밀,"압타밀 프로누트라 분유 3단계, 800g, 3개"
운동복,181445,1,19520,5566,249,상하의 세트,,"스피카 여성용 요가복 상하의 세트 SPA507503, 85(M), 블랙, 블랙"
운동복,128135,34,20500,2347,69,요가 상하의 세트,,"제일기획 여성용 요가복세트 SPA501506, 차콜, 블랙, 90(L)"
운동복,128136,46,29800,2610,69,상하의 세트,,"이코디 여성용 긴팔 스위트 컬러 요가복 상하의 세트, XXL, 오렌지"
운동복,172694,5,4900,2223,57,스포츠 레깅스/타이즈,,"아르메데스 여성용 기능성 아이스 레깅스 SLE 300, M, 블랙"
운동복,128138,34,20590,1969,34,긴팔티셔츠,,"뒤란 여성용 모달 슬러브 드레이프 커버 티셔츠 DFW5012, FREE, 블랙"
운동복,172686,9,30900,876,31,상하의 세트,,"이코디 여성용 패션 피트니스 곡선스위트 상하의 세트, XXL, 블랙"
운동복,128140,32,7900,2328,31,레깅스,,"나야스타일 여성용 스파이더 9부 레깅스, FREE(55~77), 라임"
운동복,181447,58,7670,1407,26,요가 티셔츠,,"아르메데스 여성용 기능성 사계절 긴팔 요가복 R-241, S(44-55), 네이비"
운동복,181452,5,17900,618,25,요가 상하의 세트,,"비타니 여성용 요가 트레이닝복 상하의 세트, L, 핑크"
운동복,172659,18,18920,1103,24,하의,,"루사 부츠컷 트레이닝바지 DFW4003 그레이, S"
운동복,156706,20,15010,2859,24,요가 민소매/나시,,"세키나 세키나 ST70301 민소매 티셔츠/요가복/필라테스/헬스/운동복f, 바이올렛, L"
운동복,128145,75,30900,861,17,상하의 세트,,"이코디 여성용 패션 피트니스 스위트 운동복 상하의 세트, S, 오렌지"
운동복,128146,72,7190,843,17,브라탑,,"더시럽 심리스 워터스킨 U형 브라, FREE, 그린"
운동복,128147,52,17240,1394,16,스포츠 바지,,"라이크미 남성용 짐맨 기본 숏 반바지 운동복, L, 그레이"
운동복,172648,49,11300,1632,16,반바지,,"더시럽 여성용 세라 스포츠 반바지, S(44~55), 블랙"
운동복,172667,26,25200,1442,16,레깅스,,"뒤란 여성용 운동복 베키 요가레깅스 DFW4016, S, 블랙"
운동복,181458,48,30770,1706,15,요가 티셔츠,,"세키나 세키나 ST70314 긴팔 티셔츠/요가복/필라테스/헬스/운동복f, Free, L"
운동복,128151,599,23090,1056,15,상하의 세트,,"나야스타일 여성용 요가 긴팔티 + 반바지레깅스 42, XL, 혼합 색상"
운동복,128152,73,15010,887,15,브라탑,,"[세키나]ST70307 브라탑/요가복/필라테스/헬스/운동복, S"
운동복,128464,78,9900,911,13,레깅스,,"쉬비치 여성용 하이파이브 고리 워터레깅스, S, 블랙"
운동복,128461,71,9900,989,12,레깅스,,"쉬비치 여성용 스킨핏 워터레깅스, S, FREE"
운동복,156693,14,23000,566,12,레깅스,,"댕댕이주식회사 여성용 요가의류 X형 뒤태 하의 레깅스 SW2633, L, 단일 색상"
운동복,181468,38,33220,362,11,요가 상하의 세트,,"나야스타일 여성용 쿠로이 요가복 후드집업 + 브라탑 + 반바지레깅스 세트 57, S, 그레이"
운동복,128157,345,29700,1474,10,레깅스,,"더시럽 여성용 애링 반바지레깅스, S, 블랙"
운동복,172589,66,7480,1390,10,긴바지,,"마미누리 임부용 스판면 요가 팬츠, XL, 그레이"
운동복,128159,57,15160,852,9,브라탑,,"데비웨어 여성용 브라탑 DTS0163, FREE, 베이지"
운동복,128160,204,29280,199,7,상하의 세트,,"나야스타일 여성용 요가 반팔티 + 브라탑 + 반바지레깅스 45, XXXL, 혼합 색상"
운동복,128161,24,23900,1857,7,반팔 티셔츠,,"런블랙 여성용 트위스트 숏 슬리브 RTSS-00228, L, 그레이"
운동복,172671,67,65880,985,7,스포츠 상하의 세트,,에어워크 남성츄리닝 트레이닝복세트 테니스 탁구 배드민턴복 스포츠의류 운동복 웜업 7079PB(파스텔블루) 100
운동복,128163,53,18300,1313,5,레깅스,,"DM 여성용 알럽핏 스웬트 요가 바지, XL, 연그린"
운동복,128164,64,25600,1103,5,레깅스,,"뒤란 여성용 운동복 루시 7부 요가레깅스 DFW4015, S, 블랙"
운동복,128165,130,22250,328,5,요가 타이즈/요가 레깅스,,"여성 운동복 플라워 보정 요가레깅스 블랙, S"
운동복,128166,76,7190,1047,4,레깅스,,"녹족 여성용 요가 필라테스복 베이직 9부 레깅스, L, BLACK"
운동복,128167,515,23090,142,4,상하의 세트,,"나야스타일 여성용 요가 긴팔티 + 반바지레깅스 44, XL, 혼합 색상"
운동복,128168,149,13220,303,4,요가 민소매/나시,,"메디테이션요가복 CA6066 멜란지핑크 운동복 나시, 제품선택, S 44-55"
운동복,128169,141,15010,346,4,스포츠 민소매/나시/끈탑,,"[세키나] ST70301 민소매 티셔츠/요가복/필라테스/헬스/운동복, 와인, L"
운동복,128170,62,16030,397,4,반팔 티셔츠,,"뒤란 여성용 스포츠 슬림핏 티셔츠 DFW5007, S, 버건디"
운동복,128171,82,38700,627,4,상하의 세트,,"더시럽 여성용 위트 운동복 3종 세트, 상의 L(66~77), 하의 L(66~77), 오프"
운동복,128172,163,16000,183,3,레깅스,,"댕댕이주식회사 여성용 요가의류 컨퍼터블 하의 레깅스 SW2631, L/XL, 블랙"
운동복,128173,104,23810,549,3,레깅스,,"[리바디] 베라/15P0004, 씨블루, M"
운동화,128390,1,15630,59108,2997,남녀공용패션운동화,,"SNRD 스니커즈 런닝화 SN192, 블랙, 225"
운동화,177114,5,27810,62784,1839,운동화,,"페이퍼플레인 운동화 PP1447, 화이트, 255"
운동화,191028,14,53100,37365,1625,운동화,,"휠라 레이 FS1SIA1165X_WWT, WWT, 220"
운동화,128177,2,9210,64132,1621,운동화,,"슬레진저 스킬 스타일리쉬 스니커즈 SL-252, 레드, 230"
운동화,191030,14,50150,34005,1302,운동화,,"휠라 레이트트레이서 FS1SIA3130X, WHITE, 220"
운동화,128179,36,11480,39690,1110,운동화,,"슬레진저 셀릭 운동화 SL-181, 블랙, 230"
운동화,128180,12,21010,38516,848,운동화,,"슬레진저 제로 운동화 SL-898, 네이비, 235"
운동화,128181,176,25860,23916,626,남녀공용패션운동화,,"에버라스트 WB 방한 운동화, 그레이, 230"
운동화,128182,17,49500,33554,512,운동화,,"뉴발란스 MRL247WR 스니커즈, 화이트, 220"
운동화,178909,20,30470,25636,490,운동화,,"페이퍼플레인 남녀공용 운동화 PP1408, 화이트 + 블랙, 295"
운동화,191029,11,53100,11785,456,운동화,,"휠라 레이 스니커즈 FS1SIA1160X, WWT, 220"
운동화,128185,48,8910,20900,450,운동화,,"아날도바시니 바루스 운동화, 화이트, 230"
운동화,178900,33,17710,28318,385,운동화,,"슬레진저 라이 운동화 SL-212, 그레이, 230"
운동화,128187,116,34320,15378,360,운동화,,"뉴발란스 247 운동화 MRL247BG, 혼합 색상, 220"
운동화,128188,28,49500,15799,331,운동화,,"뉴발란스 MRL247LK 스니커즈, 블랙,220"
운동화,128189,22,35930,28461,307,남녀공용스니커즈,,"스코노 리버티 무민 콜라보 스플릿 스니커즈 900 SVL7264LB21, NAVY, 220"
운동화,191031,71,53100,10563,295,운동화,,"휠라 레이 스니커즈 FS1SIA3066X, WNV, 230"
운동화,128191,302,42500,10112,264,런닝화,,"뉴발란스 MRL247BR 스니커즈, 블랙, 220"
운동화,178905,99,12000,12735,229,운동화,,"슬레진저 리코 운동화 SL-282, 레드, 230"
운동화,128193,139,20380,15587,196,운동화,,"슬레진저 텐버 운동화 SL-333, 화이트, 230"
운동화,178899,188,13110,12485,194,운동화,,"슬레진저 레토 운동화 SL-222, 블랙, 230"
운동화,177123,84,34800,10859,184,운동화,,"에어 쿠션 운동화 런닝화 남여공용화 PP1450, 블랙화이트, 230"
운동화,191033,253,62100,7019,145,런닝화,,"휠라 보비어소러스 99 런닝화 FS1HTA3052X, WGY, 230"
운동화,128197,126,64500,7433,131,운동화,,"뉴발란스WL999WM운동화, 혼합 색상, 220"
운동화,128198,157,36000,8887,130,운동화,,"뉴발란스 U520AI 스니커즈, 그린, 230"
운동화,177126,123,33210,7011,112,운동화,,"페이퍼플레인 운동화 PP1408, 화이트블루핑크, 235"
운동화,177116,66,29800,6992,112,운동화,,"페이퍼플레인 운동화 PP1317, 화이트네이비, 270"
운동화,177139,161,32470,8109,103,운동화,,"페이퍼플레인 운동화 PP1358, 그레이, 235"
운동화,128202,169,19040,7193,99,운동화,,"에버라스트 아동 밴드 운동화_네이비, 네이비, 160"
운동화,128203,224,41040,4646,98,운동화,,"뉴발란스 WCOASBK3 운동화, 블랙, 220"
운동화,128204,267,24830,4993,97,운동화,,"프로월드컵 니트플렉스멀티슈즈 P318-A903-1, 블랙, 230"
운동화,128205,206,49500,5260,90,운동화,,"뉴발란스 MS574SCN 스니커즈, 화이트, 220"
운동화,177117,224,24800,5177,87,남녀공용패션운동화,,"페이퍼플레인 남녀공용 운동화 PP1347, 네이비, 250"
운동화,128207,186,15570,5244,81,운동화,,"프로월드컵 남여스니커즈운동화, 블랙, 235"
운동화,128208,173,12000,5099,81,남성패션운동화,,"슈퍼카미트 남성용 SHOEKING 에어 운동화 3775, 블랙, 250"
운동화,191035,318,58650,4518,81,런닝화,,"휠라 볼란테 98 스웨이드 런닝화 FS1HTA3064X, GRY, 220"
운동화,128210,238,49500,4313,81,운동화,,"뉴발란스 운동화 ML878GB, 블랙, 220"
운동화,128211,127,12130,5468,81,운동화,,"슬레진저 운동화 SL-811 LAZ, 화이트블랙, 240"
운동화,128212,573,22580,11579,81,여성스니커즈,,"디즈니 여성용 미키 실버 운동화, 230"
운동화,191034,203,62100,4638,81,운동화,,"휠라 피스와이즈 스니커즈 FS1SIA3282X, BEG, 220"
탄산수,169440,1,8900,73217,9744,탄산수,,"웅진 빅토리아 플레인 탄산수, 500ml, 20개"
탄산수,171263,2,8900,69471,5390,기타탄산음료,,"웅진 빅토리아 탄산음료 천연레몬향, 500ml, 20개"
탄산수,172513,4,8800,44364,4415,기타탄산음료,,"트레비 자몽 탄산음료, 300ml, 20개입"
탄산수,169443,20,9140,57631,3869,탄산수,,"동원 디톡 플레인 탄산수, 500ml, 24개입"
탄산수,177466,5,9370,60060,2941,기타탄산음료,,"웅진 빅토리아 청포도 스파클링 음료, 500ml, 20개"
탄산수,169445,8,8900,48318,2063,기타탄산음료,,"웅진식품 빅토리아 복숭아향 탄산음료, 500ml, 20개입"
탄산수,169446,7,8900,55379,1901,기타탄산음료,,"웅진식품 빅토리아 탄산음료 자몽, 500ml, 20개"
탄산수,172517,7,13690,51727,1485,기타탄산음료,,"트레비 레몬 탄산음료, 400ml, 20개"
탄산수,169448,10,8900,40809,1338,탄산수,,"빅토리아 플레인 탄산수 캔, 350ml, 24개입"
탄산수,172514,12,14030,41999,948,탄산수,,"트레비 플레인 페트, 500ml, 20개"
탄산수,169450,11,12000,43191,927,탄산수,,"초정탄산수 플레인, 1.5L, 12개"
탄산수,169451,103,9890,32167,925,기타탄산음료,,"스파클 스파클링 탄산음료, 350ml, 20개입"
탄산수,172516,15,13210,40400,784,기타탄산음료,,"트레비 라임 음료, 400ml, 20개입"
탄산수,171269,15,9900,31029,726,기타탄산음료,,"초정탄산수 탄산음료 복숭아, 355ml, 24개입"
탄산수,169454,17,9710,29488,669,기타탄산음료,,"웅진 빅토리아 베리베리, 500ml, 20개"
탄산수,169455,11,17960,25742,633,탄산수,,"싱하 소다 워터, 325ml, 24개"
탄산수,169456,12,23670,33888,616,탄산수,,"창 소다워터 오리지날, 325ml, 24개"
탄산수,172515,11,14030,25360,585,기타탄산음료,,"트레비 탄산수 레몬맛, 500ml, 20개"
탄산수,169458,13,11900,29951,483,탄산수,,"풀무원 스파클링 아일랜드 플레인 탄산수, 340ml, 20개입"
탄산수,172518,18,14810,26438,361,탄산수,,"트레비 탄산 워터, 500ml, 20개입"
탄산수,171277,18,13900,26977,307,기타탄산음료,,"초정탄산수 라임 500ml, 20개입"
탄산수,169461,20,12890,19438,295,기타탄산음료,,"초정 탄산음료(레몬) 500ml, 20개"
탄산수,171298,16,14500,23319,283,기타탄산음료,,"초정탄산수 2종 세트, 탄산수 레몬 500ml 10개 + 플레인 500ml 10개, 1세트"
탄산수,169463,45,9860,6720,188,기타탄산음료,,"씨그램 라임 스파클링 워터, 345ml, 24개"
탄산수,169464,27,9000,26855,187,탄산수,,"산타비토리아 탄산수, 1.5L, 6개입"
탄산수,171271,38,12900,12938,172,기타탄산음료,,"풀무원 스파클링 아일랜드 제주블라썸, 340ml, 20개입"
탄산수,169466,34,14900,13527,128,탄산수,,"샤로티 스파클링 워터, 250ml, 12개입"
탄산수,169467,101,8950,3733,116,탄산수,,"일화 초정탄산수, 190ml, 30개입"
탄산수,169468,107,6010,14564,109,탄산수,,"도비아 탄산수 330ml, 4개"
탄산수,169469,54,14590,7115,108,기타탄산음료,,"샤로티 스파클링 레몬 앤드 라임향 탄산수, 250ml, 12개입"
탄산수,169470,33,14500,13765,83,기타탄산음료,,"초정탄산수 2종 세트, 탄산수 자몽 500ml 10개 + 플레인 500ml 10개, 1세트"
탄산수,169471,79,11900,7350,67,기타탄산음료,,"풀무원 스파클링 아일랜드 자몽, 340ml, 20개입"
탄산수,171279,72,28810,8838,65,기타탄산음료,,"페리에 탄산음료 라임 500ml, 24개"
탄산수,169473,106,9900,4931,58,기타탄산음료,,"초정 탄산수 탄산음료 유자, 355ml, 24개입"
탄산수,172521,113,21800,5992,55,기타탄산음료,,롯데칠성 트레비 탄산음료 레몬 280ml 16개
탄산수,169475,100,10350,2380,49,탄산수,,"초정탄산수 플레인, 355ml, 24개"
탄산수,169476,104,8820,3208,47,기타탄산음료,,"초정탄산수 그린애플, 355ml, 24개입"
탄산수,169477,108,15320,2716,40,기타탄산음료,,"하이드로 스파클링 크렌베리 탄산수, 300ml, 24개"
탄산수,171296,82,13070,5970,38,기타탄산음료,,"풀무원 스파클링 아일랜드 라임, 340ml, 20개입"
탄산수,169479,118,20040,4143,38,에이드,,"로리나 스파클링 오렌지에이드, 330ml, 12개입"
트레비,172513,2,8800,9426,1828,기타탄산음료,트레비,"트레비 자몽 탄산음료, 300ml, 20개입"
트레비,172491,3,14200,13873,1248,기타탄산음료,트레비,"트레비 라임 탄산음료, 500ml, 20개"
트레비,172515,3,14030,6836,789,기타탄산음료,트레비,"트레비 탄산수 레몬맛, 500ml, 20개"
트레비,172516,3,13210,11979,750,기타탄산음료,트레비,"트레비 라임 음료, 400ml, 20개입"
트레비,172517,4,13690,12788,741,기타탄산음료,트레비,"트레비 레몬 탄산음료, 400ml, 20개"
트레비,172514,6,14030,11355,647,탄산수,트레비,"트레비 플레인 페트, 500ml, 20개"
트레비,172496,6,13900,6813,511,기타탄산음료,트레비,"트레비 자몽, 500ml, 20개"
트레비,172518,9,14810,8688,170,탄산수,트레비,"트레비 탄산 워터, 500ml, 20개입"
트레비,172521,18,21800,4666,39,기타탄산음료,트레비,롯데칠성 트레비 탄산음료 레몬 280ml 16개
트레비,172520,10,21800,5884,36,기타탄산음료,트레비,"트레비 라임, 280ml, 16개"
트레비,172500,14,6790,1536,5,나사조립블록,트레비,"영아트 조립완구 어드벤처 트레비 52피스, 혼합 색상"
트레비,172501,11,13250,1298,3,쿠션커버,트레비,"이브잠 트레비 등쿠션커버, 그린, 50 x 110 cm"
트레비,172502,18,18460,1187,2,레고호환블록,트레비,"아토블럭 블럭 트레비 분수, 혼합 색상"
트레비,172503,17,13250,875,2,쿠션커버,트레비,"이브잠 트레비 등쿠션커버, 그레이, 50 x 110 cm"
트레비,172504,20,11600,929,1,직소퍼즐,트레비,"다모아 시험관 직소퍼즐 트레비분수, 180피스, 혼합 색상"
트레비,172505,16,13250,873,1,쿠션커버,트레비,"이브잠 트레비 등쿠션커버, 블랙, 50 x 110 cm"
트레비,172506,20,11900,877,0,직소퍼즐,트레비,"다모아 시험관 직소퍼즐 트레비분수, 204피스, 혼합 색상"
트레비,172507,13,10500,1366,0,직소퍼즐,트레비,"다모아 시험관퍼즐 트레비분수의밤, 150피스, 혼합 색상"
트레비,172508,15,12300,867,0,직소퍼즐,트레비,"다모아 시험관 퍼즐 트레비분수, 234피스, 혼합 색상"
트레비,172509,13,10500,1396,0,직소퍼즐,트레비,"다모아 시험관퍼즐 트레비분수, 150피스, 혼합 색상"
트레비,172510,19,11600,876,0,직소퍼즐,트레비,"다모아 시험관 직소퍼즐 트레비분수의밤, 180피스, 혼합 색상"
트레비,172511,17,12300,886,0,직소퍼즐,트레비,"다모아 시험관 퍼즐 트레비분수의밤, 234피스, 혼합 색상"
트레비,172512,128,1550,595,0,기타 쌈채소,트레비,"[로켓프레시] 친환경 트레비소, 100g"
하기스,182030,2,42630,13328,1040,밴드형,하기스,"하기스 2018 매직핏 밴드형 기저귀 남녀공용 중형 3단계(7~11kg), 180매"
하기스,182215,1,31900,14904,905,팬티형,하기스,"하기스 2018 보송보송 팬티형 기저귀 아동공용 특대형 5단계(13~18kg), 104매"
하기스,181993,3,41900,11911,728,밴드형,하기스,"하기스 매직핏 밴드형 기저귀 아동공용 소형 2단계(4~8kg), 192매"
하기스,182212,4,44050,11872,543,팬티형,하기스,"하기스 매직핏 팬티형 기저귀 남아용 특대형 5단계(13~18kg), 120매"
하기스,182198,6,46330,10603,443,팬티형,하기스,"하기스 매직핏팬티 기저귀 여아용 대형 4단계(10~14kg), 144매"
하기스,182047,5,31900,9724,420,팬티형,하기스,"하기스 2018 보송보송 팬티형 기저귀 남여공용 대형 4단계(10~14kg), 124매"
하기스,182033,8,33520,8245,403,밴드형,하기스,"하기스 맥스드라이 밴드형 기저귀 아동공용 중형 3단계(7~11kg), 132매"
하기스,182213,7,47010,9555,384,팬티형,하기스,"하기스 2018 매직핏 팬티형 기저귀 여아용 특대형 5단계(13~18kg), 120매"
하기스,182045,7,41680,8239,381,밴드형,하기스,"하기스 매직핏 밴드형 기저귀 남여공용 대형 4단계(10~14kg), 144매"
하기스,182031,9,32900,6577,259,밴드형,하기스,"하기스 보송보송 밴드형 기저귀 아동공용 중형 3단계(7~11kg), 186매"
하기스,182214,12,27970,4989,253,팬티형,하기스,"하기스 매직핏 리미티드 팬티형 기저귀 아동공용 특대형 5단계(13~18 kg), 80개"
하기스,181963,10,33030,6820,230,팬티형,하기스,"하기스 2018 보송보송 팬티형 기저귀 아동공용 점보 6단계(17kg~), 88매"
하기스,182204,14,43660,5792,214,팬티형,하기스,"하기스 2018 매직핏 팬티형 기저귀 남아용 대형 4단계(10~14kg), 144매"
하기스,181958,15,41900,4220,202,밴드형,하기스,"하기스 2018 매직핏 기저귀 남녀공용 밴드형 남여공용 신생아용 1단계(3~4.5kg), 210매"
하기스,182216,14,35510,4083,146,팬티형,하기스,"하기스 맥스드라이 팬티형 기저귀 남아용 특대형 5단계(13~18kg), 80매"
하기스,182075,12,35510,3772,122,팬티형,하기스,"하기스 맥스드라이 팬티형 기저귀 여아용 특대형 5단계(13~18kg), 80매"
하기스,182207,16,27630,2489,116,팬티형,하기스,"하기스 매직핏 팬티형 기저귀 남여공용 대형 4단계(10~14 kg), 96매"
하기스,182052,17,34870,3216,111,밴드형,하기스,"하기스 맥스드라이 밴드형 기저귀 아동공용 대형 4단계(10~14kg), 108매"
하기스,182199,26,49590,2656,89,팬티형,하기스,"하기스 2018 매직핏 꿀벅지 팬티형 기저귀 아동공용 중형 3단계 플러스(8~11kg), 184매"
하기스,182056,31,35500,3243,87,팬티형,하기스,"하기스 맥스드라이 팬티형 기저귀 여아용 대형 4단계(10~14kg), 96매"
하기스,181994,18,33390,2658,82,밴드형,하기스,"하기스 보송보송 밴드형 기저귀 아동공용 소형 2단계(4~8kg), 228매"
하기스,182172,19,36570,1986,78,팬티형,하기스,"하기스 네이처메이드 팬티형 기저귀 아동공용 대형 4단계 (10~14 kg), 96매"
하기스,182049,33,33390,3386,76,밴드형,하기스,"하기스 보송보송 밴드형 기저귀 아동공용 대형 4단계(10~14kg), 156매"
하기스,182180,35,37010,2026,75,팬티형,하기스,"하기스 네이처메이드 팬티형 기저귀 아동공용 특대형 5단계(13~18 kg), 80매"
하기스,182136,29,42870,1544,72,밴드형,하기스,"하기스 네이처메이드 밴드형 기저귀 남아용 소형 2단계(4~8kg), 156매"
하기스,182200,24,50900,2609,70,팬티형,하기스,"하기스 매직 핏 팬티 꿀벅지 아동공용 대형 4단계 플러스(10~14kg), 152매"
하기스,182072,36,48900,2782,60,밴드형,하기스,"하기스 매직 핏 밴드형 기저귀 아동공용 특대형 5단계(12~16kg), 138매"
하기스,182176,20,42400,1960,58,팬티형,하기스,"하기스 네이처메이드 팬티형 기저귀 여아용 특대형 5단계(13~18kg), 80매"
하기스,182078,39,35250,2862,58,팬티형,하기스,"하기스 2018 에어솔솔 썸머 팬티형 기저귀 남아용 5단계(13~18kg), 80매"
하기스,182165,18,38830,1624,52,밴드형,하기스,"하기스 네이처메이드 밴드형 기저귀 남아용 중형 3단계(7~11kg), 132매"
하기스,182073,25,34590,2696,52,밴드형,하기스,"하기스 보송보송 밴드형 기저귀 아동공용 특대형 5단계(12~16kg), 138매"
하기스,182206,24,50900,2470,51,팬티형,하기스,"하기스 2018 매직핏 팬티형 기저귀 남아용 점보형 6단계(17kg ~ ), 104매"
하기스,181974,32,35510,1918,49,팬티형,하기스,"하기스 맥스드라이 팬티형 기저귀 남아용 점보형 6단계(17kg~), 68매"
하기스,182151,28,42400,1989,42,팬티형,하기스,"하기스 네이처메이드 팬티형 기저귀 남아용 점보형 6단계(17kg~), 68매"
하기스,182205,51,27970,1336,40,팬티형,하기스,"하기스 매직핏 팬티형 기저귀 아동공용 중형 3단계(8~11 kg), 116개"
하기스,182157,34,43500,980,40,밴드형,하기스,"하기스 네이처메이드 밴드형 기저귀 여아용 소형 2단계(4~8kg), 156매"
하기스,182032,45,48900,1131,37,밴드형,하기스,"하기스 2018 매직핏 꿀벅지 밴드형 기저귀 아동공용 중형 3단계 플러스(7~11kg), 198매"
하기스,182166,46,42390,1356,36,팬티형,하기스,"하기스 네이처메이드 팬티형 기저귀 여아용 대형 4단계(10~14kg), 96매"
하기스,182058,24,35510,1741,34,팬티형,하기스,"하기스 맥스드라이 팬티형 기저귀 남아용 대형 4단계(10~14kg), 96매"
하기스,182202,38,47900,1809,33,팬티형,하기스,"하기스 매직 핏 팬티 여아용 중형 3단계(8~11kg), 184매"
